[
  {
    "name": "9800 SSID-DHCP-TLV-Acct",
    "description": "",
    "tags": [],
    "author": "admin",
    "deviceTypes": [
      {
        "productFamily": "Wireless Controller",
        "productSeries": "Cisco Catalyst 9800 Series Wireless Controllers"
      },
      {
        "productFamily": "Wireless Controller",
        "productSeries": "Cisco Catalyst 9800 Wireless Controllers for Cloud"
      }
    ],
    "softwareType": "IOS",
    "softwareVariant": "XE",
    "templateContent": "{# Option This option allows you to look for a key word in the profile name and apply DHCP-TLV-Accounting \n   It does not require any bind variables but instead uses System Variables.content-scan\n   \n   Note this is for Version 17.10 and beyond\n#}\n\n{% macro def_SSID_mPSK() %}\n  {% for profile in __policyprofile %}\n    {% if \"iPSK\" in profile %}\n      wireless profile policy {{ profile }}\n        shutdown\n        dot11-tlv-accounting\n        no shutdown\n    {% endif %}\n  {% endfor %}\n{%- endmacro %}  \n",
    "templateParams": [],
    "rollbackTemplateParams": [],
    "composite": false,
    "containingTemplates": [],
    "language": "JINJA",
    "promotedTemplateContent": "{# Option This option allows you to look for a key word in the profile name and apply DHCP-TLV-Accounting \n   It does not require any bind variables but instead uses System Variables.content-scan\n   \n   Note this is for Version 17.10 and beyond\n#}\n\n{% macro def_SSID_mPSK() %}\n  {% for profile in __policyprofile %}\n    {% if \"iPSK\" in profile %}\n      wireless profile policy {{ profile }}\n        shutdown\n        dot11-tlv-accounting\n        no shutdown\n    {% endif %}\n  {% endfor %}\n{%- endmacro %}  \n",
    "promotedTemplateParams": [],
    "customParamsOrder": false,
    "createTime": 1705934944130,
    "lastUpdateTime": 1705935393039,
    "latestVersionTime": 1705935398504,
    "validationErrors": {
      "templateErrors": [],
      "rollbackTemplateErrors": [],
      "templateId": "cb742ddf-60ee-4d03-ba88-44a67e423b39",
      "templateVersion": null
    },
    "noOfConflicts": 0,
    "documentDatabase": false,
    "projectAssociated": true
  }
]