[
  {
    "name": "9800 RF",
    "description": "",
    "tags": [],
    "author": "",
    "deviceTypes": [
      {
        "productFamily": "Wireless Controller"
      }
    ],
    "softwareType": "IOS",
    "softwareVariant": "XE",
    "templateContent": "{#\n!! 20210615 JOGRIM\n#}\n\n{# Enables foreign AP 802.11 interference avoidance in the channel assignment #}\n{# Normally enabled by default, but re-confirming. #}\n{% if rrmForeign == 0 %}\n  no ap dot11 5ghz rrm channel foreign\n  no ap dot11 24ghz rrm channel foreign\n{% elif rrmForeign == 1 %}\n  ap dot11 5ghz rrm channel foreign\n  ap dot11 24ghz rrm channel foreign\n{% endif %}\n\n{# Enables non-802.11 noise avoidance in the channel assignment #}\n{# Normally enabled by default, but re-confirming. #}\nap dot11 5ghz rrm channel noise\nap dot11 24ghz rrm channel noise\n\n{# Configure persistent non-WiFi device avoidance in the 802.11 channel assignment #}\n{% if rrmPersistent == 0 %}\n  no ap dot11 5ghz rrm channel device\n  no ap dot11 24ghz rrm channel device\n{% elif rrmPersistent == 1 %}\n  ap dot11 5ghz rrm channel device\n  ap dot11 24ghz rrm channel device\n{% endif %}\n\n{# Monitor Country Channel List #}\n{# To monitor all channels, change to \"all\" #}\nap dot11 24ghz rrm monitor channel-list country\nap dot11 5ghz rrm monitor channel-list country\n\n{# Globally Enable CleanAir #}\n{# ap dot11 5ghz cleanair #}\n{# ap dot11 24ghz cleanair #}\n\n{# Enable EDRRM for 5 GHz #}\nap dot11 5ghz rrm channel cleanair-event\n\n{# Enable EDRRM Rogue Contribution for 5 GHz #}\nap dot11 5ghz rrm channel cleanair-event rogue-contribution\n\n{# Configure FRA Interval #}\nap fra interval 24\n\n{# Configure FRA #}\n{% if fra == 0 %}\n  no ap fra\n{% elif fra == 1 %}\n  ap fra\n{% endif %}\n\n{# Configure DCA interval value #}\n{% if dcaInterval5 is number %}\n  ap dot11 5ghz rrm channel dca interval {{ dcaInterval5 }}\n{% endif %}\n\n{% if dcaInterval24 is number %}\n  ap dot11 24ghz rrm channel dca interval {{ dcaInterval24 }}\n{% endif %}\n\n{# Enables Tx Power Control to be channel aware #}\nap dot11 5ghz rrm tpc tpcv1-chan-aware\n\n{# Enable Tri-Radio in C9130 #}\n{% if triradio == 0 %}\n  no ap tri-radio\n{% elif triradio == 1 %}\n  ap tri-radio\n{% endif %}\n\n{# Restart RRM -- Startup mode will run for 100 minutes, #}\n{# reaching a solution generally within 30 to 40 minutes. #}\n{# !! WARNING !! -- This is disruptive to clients. #}\n{% if restartrrm == 1 %}\n  #MODE_ENABLE\n  ap dot11 5ghz rrm dca restart\n  ap dot11 24ghz rrm dca restart\n  #MODE_END_ENABLE\n{% endif %}",
    "rollbackTemplateContent": "",
    "templateParams": [
      {
        "parameterName": "triradio",
        "dataType": "INTEGER",
        "defaultValue": null,
        "description": null,
        "required": true,
        "notParam": false,
        "paramArray": false,
        "instructionText": "Convert C9130 8x8 5-GHz radio to dual 4x4 5-GHz.",
        "group": null,
        "order": 6,
        "customOrder": 0,
        "selection": {
          "selectionType": "SINGLE_SELECT",
          "selectionValues": {
            "No": "0",
            "Yes": "1"
          },
          "defaultSelectedValues": [
            "No"
          ],
          "id": null
        },
        "range": [],
        "key": null,
        "provider": null,
        "binding": "",
        "sensitiveField": false,
        "displayName": "Enable C9130 Tri-Radio"
      },
      {
        "parameterName": "rrmPersistent",
        "dataType": "INTEGER",
        "defaultValue": null,
        "description": null,
        "required": true,
        "notParam": false,
        "paramArray": false,
        "instructionText": null,
        "group": null,
        "order": 2,
        "customOrder": 0,
        "selection": {
          "selectionType": "SINGLE_SELECT",
          "selectionValues": {
            "No": "0",
            "Yes": "1"
          },
          "defaultSelectedValues": [
            "Yes"
          ],
          "id": null
        },
        "range": [],
        "key": null,
        "provider": null,
        "binding": "",
        "sensitiveField": false,
        "displayName": "Enable Persistent non-WiFi Device Avoidance "
      },
      {
        "parameterName": "rrmForeign",
        "dataType": "INTEGER",
        "defaultValue": null,
        "description": null,
        "required": true,
        "notParam": false,
        "paramArray": false,
        "instructionText": null,
        "group": null,
        "order": 1,
        "customOrder": 0,
        "selection": {
          "selectionType": "SINGLE_SELECT",
          "selectionValues": {
            "No": "0",
            "Yes": "1"
          },
          "defaultSelectedValues": [
            "Yes"
          ],
          "id": null
        },
        "range": [],
        "key": null,
        "provider": null,
        "binding": "",
        "sensitiveField": false,
        "displayName": "Enable Foreign AP Interference Avoidance"
      },
      {
        "parameterName": "restartrrm",
        "dataType": "INTEGER",
        "defaultValue": null,
        "description": "Startup mode will run for 100 minutes, reaching a new channel plan within 30 to 40 minutes.",
        "required": true,
        "notParam": false,
        "paramArray": false,
        "instructionText": "WARNING! This is disruptive to clients.",
        "group": null,
        "order": 7,
        "customOrder": 0,
        "selection": {
          "selectionType": "SINGLE_SELECT",
          "selectionValues": {
            "No": "0",
            "Yes": "1"
          },
          "defaultSelectedValues": [
            "No"
          ],
          "id": null
        },
        "range": [],
        "key": null,
        "provider": null,
        "binding": "",
        "sensitiveField": false,
        "displayName": "Restart RRM "
      },
      {
        "parameterName": "dcaInterval24",
        "dataType": "INTEGER",
        "defaultValue": null,
        "description": null,
        "required": true,
        "notParam": false,
        "paramArray": false,
        "instructionText": null,
        "group": null,
        "order": 5,
        "customOrder": 0,
        "selection": {
          "selectionType": "SINGLE_SELECT",
          "selectionValues": {
            "10 minutes": "0",
            "12 hours": "12",
            "1 hour": "1",
            "24 hours": "24",
            "4 hours": "4",
            "6 hours": "6"
          },
          "defaultSelectedValues": [
            "6 hours"
          ],
          "id": null
        },
        "range": [],
        "key": null,
        "provider": null,
        "binding": "",
        "sensitiveField": false,
        "displayName": "2.4 GHz DCA Interval"
      },
      {
        "parameterName": "dcaInterval5",
        "dataType": "INTEGER",
        "defaultValue": null,
        "description": null,
        "required": true,
        "notParam": false,
        "paramArray": false,
        "instructionText": null,
        "group": null,
        "order": 4,
        "customOrder": 0,
        "selection": {
          "selectionType": "SINGLE_SELECT",
          "selectionValues": {
            "10 minutes": "0",
            "12 hours": "12",
            "1 hour": "1",
            "24 hours": "24",
            "4 hours": "4",
            "6 hours": "6"
          },
          "defaultSelectedValues": [
            "6 hours"
          ],
          "id": null
        },
        "range": [],
        "key": null,
        "provider": null,
        "binding": "",
        "sensitiveField": false,
        "displayName": "5 GHz DCA Interval"
      },
      {
        "parameterName": "fra",
        "dataType": "INTEGER",
        "defaultValue": null,
        "description": null,
        "required": true,
        "notParam": false,
        "paramArray": false,
        "instructionText": "Dual 5 GHz",
        "group": null,
        "order": 3,
        "customOrder": 0,
        "selection": {
          "selectionType": "SINGLE_SELECT",
          "selectionValues": {
            "No": "0",
            "Yes": "1"
          },
          "defaultSelectedValues": [
            "No"
          ],
          "id": null
        },
        "range": [],
        "key": null,
        "provider": null,
        "binding": "",
        "sensitiveField": false,
        "displayName": "Enable Flexible Radio Assignment"
      }
    ],
    "rollbackTemplateParams": [],
    "composite": false,
    "containingTemplates": [],
    "language": "JINJA",
    "promotedTemplateContent": "{#\n!! 20210615 JOGRIM\n#}\n\n{# Enables foreign AP 802.11 interference avoidance in the channel assignment #}\n{# Normally enabled by default, but re-confirming. #}\n{% if rrmForeign == 0 %}\n  no ap dot11 5ghz rrm channel foreign\n  no ap dot11 24ghz rrm channel foreign\n{% elif rrmForeign == 1 %}\n  ap dot11 5ghz rrm channel foreign\n  ap dot11 24ghz rrm channel foreign\n{% endif %}\n\n{# Enables non-802.11 noise avoidance in the channel assignment #}\n{# Normally enabled by default, but re-confirming. #}\nap dot11 5ghz rrm channel noise\nap dot11 24ghz rrm channel noise\n\n{# Configure persistent non-WiFi device avoidance in the 802.11 channel assignment #}\n{% if rrmPersistent == 0 %}\n  no ap dot11 5ghz rrm channel device\n  no ap dot11 24ghz rrm channel device\n{% elif rrmPersistent == 1 %}\n  ap dot11 5ghz rrm channel device\n  ap dot11 24ghz rrm channel device\n{% endif %}\n\n{# Monitor Country Channel List #}\n{# To monitor all channels, change to \"all\" #}\nap dot11 24ghz rrm monitor channel-list country\nap dot11 5ghz rrm monitor channel-list country\n\n{# Globally Enable CleanAir #}\n{# ap dot11 5ghz cleanair #}\n{# ap dot11 24ghz cleanair #}\n\n{# Enable EDRRM for 5 GHz #}\nap dot11 5ghz rrm channel cleanair-event\n\n{# Enable EDRRM Rogue Contribution for 5 GHz #}\nap dot11 5ghz rrm channel cleanair-event rogue-contribution\n\n{# Configure FRA Interval #}\nap fra interval 24\n\n{# Configure FRA #}\n{% if fra == 0 %}\n  no ap fra\n{% elif fra == 1 %}\n  ap fra\n{% endif %}\n\n{# Configure DCA interval value #}\n{% if dcaInterval5 is number %}\n  ap dot11 5ghz rrm channel dca interval {{ dcaInterval5 }}\n{% endif %}\n\n{% if dcaInterval24 is number %}\n  ap dot11 24ghz rrm channel dca interval {{ dcaInterval24 }}\n{% endif %}\n\n{# Enables Tx Power Control to be channel aware #}\nap dot11 5ghz rrm tpc tpcv1-chan-aware\n\n{# Enable Tri-Radio in C9130 #}\n{% if triradio == 0 %}\n  no ap tri-radio\n{% elif triradio == 1 %}\n  ap tri-radio\n{% endif %}\n\n{# Restart RRM -- Startup mode will run for 100 minutes, #}\n{# reaching a solution generally within 30 to 40 minutes. #}\n{# !! WARNING !! -- This is disruptive to clients. #}\n{% if restartrrm == 1 %}\n  #MODE_ENABLE\n  ap dot11 5ghz rrm dca restart\n  ap dot11 24ghz rrm dca restart\n  #MODE_END_ENABLE\n{% endif %}",
    "promotedTemplateParams": [
      {
        "parameterName": "triradio",
        "dataType": "INTEGER",
        "defaultValue": null,
        "description": null,
        "required": true,
        "notParam": false,
        "paramArray": false,
        "instructionText": "Convert C9130 8x8 5-GHz radio to dual 4x4 5-GHz.",
        "group": null,
        "order": 6,
        "customOrder": 0,
        "selection": {
          "selectionType": "SINGLE_SELECT",
          "selectionValues": {
            "No": "0",
            "Yes": "1"
          },
          "defaultSelectedValues": [
            "No"
          ],
          "id": null
        },
        "range": [],
        "key": null,
        "provider": null,
        "binding": "",
        "sensitiveField": false,
        "id": null,
        "displayName": "Enable C9130 Tri-Radio"
      },
      {
        "parameterName": "dcaInterval24",
        "dataType": "INTEGER",
        "defaultValue": null,
        "description": null,
        "required": true,
        "notParam": false,
        "paramArray": false,
        "instructionText": null,
        "group": null,
        "order": 5,
        "customOrder": 0,
        "selection": {
          "selectionType": "SINGLE_SELECT",
          "selectionValues": {
            "10 minutes": "0",
            "12 hours": "12",
            "1 hour": "1",
            "24 hours": "24",
            "4 hours": "4",
            "6 hours": "6"
          },
          "defaultSelectedValues": [
            "6 hours"
          ],
          "id": null
        },
        "range": [],
        "key": null,
        "provider": null,
        "binding": "",
        "sensitiveField": false,
        "id": null,
        "displayName": "2.4 GHz DCA Interval"
      },
      {
        "parameterName": "dcaInterval5",
        "dataType": "INTEGER",
        "defaultValue": null,
        "description": null,
        "required": true,
        "notParam": false,
        "paramArray": false,
        "instructionText": null,
        "group": null,
        "order": 4,
        "customOrder": 0,
        "selection": {
          "selectionType": "SINGLE_SELECT",
          "selectionValues": {
            "10 minutes": "0",
            "12 hours": "12",
            "1 hour": "1",
            "24 hours": "24",
            "4 hours": "4",
            "6 hours": "6"
          },
          "defaultSelectedValues": [
            "6 hours"
          ],
          "id": null
        },
        "range": [],
        "key": null,
        "provider": null,
        "binding": "",
        "sensitiveField": false,
        "id": null,
        "displayName": "5 GHz DCA Interval"
      },
      {
        "parameterName": "rrmPersistent",
        "dataType": "INTEGER",
        "defaultValue": null,
        "description": null,
        "required": true,
        "notParam": false,
        "paramArray": false,
        "instructionText": null,
        "group": null,
        "order": 2,
        "customOrder": 0,
        "selection": {
          "selectionType": "SINGLE_SELECT",
          "selectionValues": {
            "No": "0",
            "Yes": "1"
          },
          "defaultSelectedValues": [
            "Yes"
          ],
          "id": null
        },
        "range": [],
        "key": null,
        "provider": null,
        "binding": "",
        "sensitiveField": false,
        "id": null,
        "displayName": "Enable Persistent non-WiFi Device Avoidance "
      },
      {
        "parameterName": "rrmForeign",
        "dataType": "INTEGER",
        "defaultValue": null,
        "description": null,
        "required": true,
        "notParam": false,
        "paramArray": false,
        "instructionText": null,
        "group": null,
        "order": 1,
        "customOrder": 0,
        "selection": {
          "selectionType": "SINGLE_SELECT",
          "selectionValues": {
            "No": "0",
            "Yes": "1"
          },
          "defaultSelectedValues": [
            "Yes"
          ],
          "id": null
        },
        "range": [],
        "key": null,
        "provider": null,
        "binding": "",
        "sensitiveField": false,
        "id": null,
        "displayName": "Enable Foreign AP Interference Avoidance"
      },
      {
        "parameterName": "restartrrm",
        "dataType": "INTEGER",
        "defaultValue": null,
        "description": "Startup mode will run for 100 minutes, reaching a new channel plan within 30 to 40 minutes.",
        "required": true,
        "notParam": false,
        "paramArray": false,
        "instructionText": "WARNING! This is disruptive to clients.",
        "group": null,
        "order": 7,
        "customOrder": 0,
        "selection": {
          "selectionType": "SINGLE_SELECT",
          "selectionValues": {
            "No": "0",
            "Yes": "1"
          },
          "defaultSelectedValues": [
            "No"
          ],
          "id": null
        },
        "range": [],
        "key": null,
        "provider": null,
        "binding": "",
        "sensitiveField": false,
        "id": null,
        "displayName": "Restart RRM "
      },
      {
        "parameterName": "fra",
        "dataType": "INTEGER",
        "defaultValue": null,
        "description": null,
        "required": true,
        "notParam": false,
        "paramArray": false,
        "instructionText": "Dual 5 GHz",
        "group": null,
        "order": 3,
        "customOrder": 0,
        "selection": {
          "selectionType": "SINGLE_SELECT",
          "selectionValues": {
            "No": "0",
            "Yes": "1"
          },
          "defaultSelectedValues": [
            "No"
          ],
          "id": null
        },
        "range": [],
        "key": null,
        "provider": null,
        "binding": "",
        "sensitiveField": false,
        "id": null,
        "displayName": "Enable Flexible Radio Assignment"
      }
    ],
    "customParamsOrder": false,
    "createTime": 1631541771158,
    "lastUpdateTime": 1631541771158,
    "latestVersionTime": 1631541771386,
    "validationErrors": {
      "templateErrors": [],
      "rollbackTemplateErrors": [],
      "templateId": "e31db9fa-0941-4bdc-b152-db9cbe90594d",
      "templateVersion": null
    },
    "noOfConflicts": 0,
    "documentDatabase": false,
    "projectAssociated": true
  }
]