[
  {
    "name": "Apply CCKM to WLAN profile that has CAMPUS in the Profile Name",
    "description": "",
    "tags": [
      {
        "id": "51c18b4d-e0c5-4b64-ad6a-93dc61d35159",
        "name": "DEMO"
      }
    ],
    "author": "admin",
    "deviceTypes": [
      {
        "productFamily": "Wireless Controller",
        "productSeries": "Cisco Catalyst 9800 Series Wireless Controllers"
      }
    ],
    "softwareType": "IOS",
    "softwareVariant": "XE",
    "templateContent": "{# Option This option allows you to look for a key word in the profile name and apply CCKM \n   It does not require any bind variables but instead uses System Variables.content-scan\n#}\n\n{% macro def_SSID_CCKM() %}\n  {% for profile in __policyprofile %}\n    {% if \"CAMPUS\" in profile %}\n      wireless profile policy {{ profile }}\n        shutdown\n        security wpa akm cckm\n        no shutdown\n    {% endif %}\n  {% endfor %}\n{%- endmacro %}  \n",
    "rollbackTemplateContent": "",
    "templateParams": [],
    "rollbackTemplateParams": [],
    "composite": false,
    "containingTemplates": [],
    "language": "JINJA",
    "promotedTemplateContent": "{# Option This option allows you to look for a key word in the profile name and apply CCKM \n   It does not require any bind variables but instead uses System Variables.content-scan\n#}\n\n{% macro def_SSID_CCKM() %}\n  {% for profile in __policyprofile %}\n    {% if \"CAMPUS\" in profile %}\n      wireless profile policy {{ profile }}\n        shutdown\n        security wpa akm cckm\n        no shutdown\n    {% endif %}\n  {% endfor %}\n{%- endmacro %}  \n",
    "promotedTemplateParams": [],
    "customParamsOrder": false,
    "createTime": 1663881704807,
    "lastUpdateTime": 1698817016095,
    "latestVersionTime": 1698817030537,
    "validationErrors": {
      "templateErrors": [],
      "rollbackTemplateErrors": [],
      "templateId": "7691d1e7-166e-4c1a-9a55-424247bc923b",
      "templateVersion": null
    },
    "noOfConflicts": 0,
    "documentDatabase": false,
    "projectAssociated": true
  }
]