[
  {
    "name": "9800 HARDENING",
    "description": "",
    "tags": [],
    "author": "",
    "deviceTypes": [
      {
        "productFamily": "Wireless Controller"
      }
    ],
    "softwareType": "IOS",
    "softwareVariant": "XE",
    "templateContent": "{#\n!! 20210615 JOGRIM\n#}\n\n{# SET TIMEZONE & DST -#}\n{% if __timezonesite[0] == \"US/Eastern\" %}\n  clock timezone EST -5\n  clock summer-time EDT recurring\n{% elif __timezonesite[0] == \"US/Central\" %}\n  clock timezone CST -6\n  clock summer-time CDT recurring\n{% elif __timezonesite[0] == \"US/Mountain\" %}\n  clock timezone MST -7\n  clock summer-time MDT recurring\n{% elif __timezonesite[0] == \"US/Pacific\" %}\n  clock timezone PST -8\n  clock summer-time PDT recurring\n{% else %}\n  # TIMEZONE - NO MATCH - DEFAULT TO EASTERN\n  clock timezone EST -5\n  clock summer-time EDT recurring\n{% endif %}\n\n{# SET LOGIN BANNER -#}\n<MLTCMD>banner login @\n{{ __devicebanner[0].bannerMessage }}\n@</MLTCMD>\n\n{# SET COMMON CONFIG -#}\nlogging buffered 409600 debugging\n!\narchive\n  log config\n    logging enable\n    notify syslog contenttype plaintext\n!\nservice tcp-keepalives-in\nservice tcp-keepalives-out\nservice timestamps debug datetime msec\nservice timestamps log datetime msec\nservice password-encryption\n!\nno ip http server\nip http session-idle-timeout 600\n\n{# ASSOCIATE HTTP AUTHENTICATION TO DNAC PROVISIONED LOGIN  #}\nip http authentication aaa login-authentication VTY_authen\nip http authentication aaa exec-authorization VTY_author\n\n{# CONFIGURE ADDITIONAL VTYs FOR PROCESSING WEB GUI REQUESTS #}\nline vty 0 97\n  logging synchronous\n  transport input ssh\n\n{# SET C9800-L WEB GUI TRUSTPOINT -#}\n{% if __device.platformId == \"C9800-L-K9\" %}\n  no ip http secure-server\n  ip http secure-trustpoint CISCO_IDEVID_SUDI\n  ip http secure-server\n{% endif %}",
    "rollbackTemplateContent": "",
    "templateParams": [
      {
        "parameterName": "__timezonesite",
        "dataType": "STRING",
        "defaultValue": null,
        "description": null,
        "required": true,
        "notParam": false,
        "paramArray": false,
        "instructionText": null,
        "group": null,
        "order": 1,
        "customOrder": 0,
        "selection": null,
        "range": [],
        "key": null,
        "provider": null,
        "binding": "",
        "sensitiveField": false,
        "displayName": null
      },
      {
        "parameterName": "__device",
        "dataType": "STRING",
        "defaultValue": null,
        "description": null,
        "required": true,
        "notParam": false,
        "paramArray": false,
        "instructionText": null,
        "group": null,
        "order": 3,
        "customOrder": 0,
        "selection": null,
        "range": [],
        "key": null,
        "provider": null,
        "binding": "",
        "sensitiveField": false,
        "displayName": null
      },
      {
        "parameterName": "__devicebanner",
        "dataType": "STRING",
        "defaultValue": null,
        "description": null,
        "required": true,
        "notParam": false,
        "paramArray": false,
        "instructionText": null,
        "group": null,
        "order": 2,
        "customOrder": 0,
        "selection": null,
        "range": [],
        "key": null,
        "provider": null,
        "binding": "",
        "sensitiveField": false,
        "displayName": null
      }
    ],
    "rollbackTemplateParams": [],
    "composite": false,
    "containingTemplates": [],
    "language": "JINJA",
    "promotedTemplateContent": "{#\n!! 20210615 JOGRIM\n#}\n\n{# SET TIMEZONE & DST -#}\n{% if __timezonesite[0] == \"US/Eastern\" %}\n  clock timezone EST -5\n  clock summer-time EDT recurring\n{% elif __timezonesite[0] == \"US/Central\" %}\n  clock timezone CST -6\n  clock summer-time CDT recurring\n{% elif __timezonesite[0] == \"US/Mountain\" %}\n  clock timezone MST -7\n  clock summer-time MDT recurring\n{% elif __timezonesite[0] == \"US/Pacific\" %}\n  clock timezone PST -8\n  clock summer-time PDT recurring\n{% else %}\n  # TIMEZONE - NO MATCH - DEFAULT TO EASTERN\n  clock timezone EST -5\n  clock summer-time EDT recurring\n{% endif %}\n\n{# SET LOGIN BANNER -#}\n<MLTCMD>banner login @\n{{ __devicebanner[0].bannerMessage }}\n@</MLTCMD>\n\n{# SET COMMON CONFIG -#}\nlogging buffered 409600 debugging\n!\narchive\n  log config\n    logging enable\n    notify syslog contenttype plaintext\n!\nservice tcp-keepalives-in\nservice tcp-keepalives-out\nservice timestamps debug datetime msec\nservice timestamps log datetime msec\nservice password-encryption\n!\nno ip http server\nip http session-idle-timeout 600\n\n{# ASSOCIATE HTTP AUTHENTICATION TO DNAC PROVISIONED LOGIN  #}\nip http authentication aaa login-authentication VTY_authen\nip http authentication aaa exec-authorization VTY_author\n\n{# CONFIGURE ADDITIONAL VTYs FOR PROCESSING WEB GUI REQUESTS #}\nline vty 0 97\n  logging synchronous\n  transport input ssh\n\n{# SET C9800-L WEB GUI TRUSTPOINT -#}\n{% if __device.platformId == \"C9800-L-K9\" %}\n  no ip http secure-server\n  ip http secure-trustpoint CISCO_IDEVID_SUDI\n  ip http secure-server\n{% endif %}",
    "promotedTemplateParams": [
      {
        "parameterName": "__devicebanner",
        "dataType": "STRING",
        "defaultValue": null,
        "description": null,
        "required": true,
        "notParam": false,
        "paramArray": false,
        "instructionText": null,
        "group": null,
        "order": 2,
        "customOrder": 0,
        "selection": null,
        "range": [],
        "key": null,
        "provider": null,
        "binding": "",
        "sensitiveField": false,
        "id": null,
        "displayName": null
      },
      {
        "parameterName": "__device",
        "dataType": "STRING",
        "defaultValue": null,
        "description": null,
        "required": true,
        "notParam": false,
        "paramArray": false,
        "instructionText": null,
        "group": null,
        "order": 3,
        "customOrder": 0,
        "selection": null,
        "range": [],
        "key": null,
        "provider": null,
        "binding": "",
        "sensitiveField": false,
        "id": null,
        "displayName": null
      },
      {
        "parameterName": "__timezonesite",
        "dataType": "STRING",
        "defaultValue": null,
        "description": null,
        "required": true,
        "notParam": false,
        "paramArray": false,
        "instructionText": null,
        "group": null,
        "order": 1,
        "customOrder": 0,
        "selection": null,
        "range": [],
        "key": null,
        "provider": null,
        "binding": "",
        "sensitiveField": false,
        "id": null,
        "displayName": null
      }
    ],
    "customParamsOrder": false,
    "createTime": 1631541770945,
    "lastUpdateTime": 1631541770945,
    "latestVersionTime": 1631541771051,
    "validationErrors": {
      "templateErrors": [
        {
          "type": "POTENTIAL_CONFLICT",
          "lineNumber": 41,
          "message": "This command is reserved to be used by Cisco DNA Center"
        },
        {
          "type": "POTENTIAL_CONFLICT",
          "lineNumber": 51,
          "message": "This command is reserved to be used by Cisco DNA Center"
        },
        {
          "type": "POTENTIAL_CONFLICT",
          "lineNumber": 43,
          "message": "This command is reserved to be used by Cisco DNA Center"
        }
      ],
      "rollbackTemplateErrors": [],
      "templateId": "f8d16f50-d24b-4c3f-ac04-9224f108c01c",
      "templateVersion": null
    },
    "noOfConflicts": 3,
    "documentDatabase": false,
    "projectAssociated": true
  }
]