[
  {
    "name": "9800 Anchor Priority",
    "description": "",
    "tags": [],
    "author": "",
    "deviceTypes": [
      {
        "productFamily": "Wireless Controller"
      }
    ],
    "softwareType": "IOS",
    "softwareVariant": "XE",
    "templateContent": "{#\n!! 20210615 JOGRIM\n#}\n\n{# MACRO DEFINITION FOR CONFIGURING ANCHOR PRIORITY #}\n{% macro def_anchorPriority(anchor, priority) %}\n  {% for profile in __policyprofile %}\n    {% if \"GUEST\" in profile %}\n      wireless profile policy {{ profile }}\n        shutdown\n        mobility anchor {{ anchor }} priority {{ priority }}\n        no shutdown\n    {% endif %}\n  {% endfor %}\n{%- endmacro %}  \n\n{# PHL-C98-1 #}\n{% if __device.managementIpAddress == \"172.18.4.40\" %}\n  {{ def_anchorPriority(\"172.18.4.45\", 2) }}\n{% endif %}\n\n{# MAL-C98-1 #}\n{% if __device.managementIpAddress == \"172.18.4.50\" %}\n  {{ def_anchorPriority(\"172.18.4.55\", 2) }}\n{% endif %}",
    "rollbackTemplateContent": "",
    "templateParams": [
      {
        "parameterName": "__policyprofile",
        "dataType": "STRING",
        "defaultValue": null,
        "description": null,
        "required": true,
        "notParam": false,
        "paramArray": true,
        "instructionText": null,
        "group": null,
        "order": 1,
        "customOrder": 0,
        "selection": {
          "selectionType": "MULTI_SELECT",
          "selectionValues": {},
          "defaultSelectedValues": [],
          "id": null
        },
        "range": [],
        "key": null,
        "provider": null,
        "binding": "",
        "sensitiveField": false,
        "displayName": null
      },
      {
        "parameterName": "__device",
        "dataType": "STRING",
        "defaultValue": null,
        "description": null,
        "required": true,
        "notParam": false,
        "paramArray": false,
        "instructionText": null,
        "group": null,
        "order": 2,
        "customOrder": 0,
        "selection": null,
        "range": [],
        "key": null,
        "provider": null,
        "binding": "",
        "sensitiveField": false,
        "displayName": null
      }
    ],
    "rollbackTemplateParams": [],
    "composite": false,
    "containingTemplates": [],
    "language": "JINJA",
    "promotedTemplateContent": "{#\n!! 20210615 JOGRIM\n#}\n\n{# MACRO DEFINITION FOR CONFIGURING ANCHOR PRIORITY #}\n{% macro def_anchorPriority(anchor, priority) %}\n  {% for profile in __policyprofile %}\n    {% if \"GUEST\" in profile %}\n      wireless profile policy {{ profile }}\n        shutdown\n        mobility anchor {{ anchor }} priority {{ priority }}\n        no shutdown\n    {% endif %}\n  {% endfor %}\n{%- endmacro %}  \n\n{# PHL-C98-1 #}\n{% if __device.managementIpAddress == \"172.18.4.40\" %}\n  {{ def_anchorPriority(\"172.18.4.45\", 2) }}\n{% endif %}\n\n{# MAL-C98-1 #}\n{% if __device.managementIpAddress == \"172.18.4.50\" %}\n  {{ def_anchorPriority(\"172.18.4.55\", 2) }}\n{% endif %}",
    "promotedTemplateParams": [
      {
        "parameterName": "__device",
        "dataType": "STRING",
        "defaultValue": null,
        "description": null,
        "required": true,
        "notParam": false,
        "paramArray": false,
        "instructionText": null,
        "group": null,
        "order": 2,
        "customOrder": 0,
        "selection": null,
        "range": [],
        "key": null,
        "provider": null,
        "binding": "",
        "sensitiveField": false,
        "id": null,
        "displayName": null
      },
      {
        "parameterName": "__policyprofile",
        "dataType": "STRING",
        "defaultValue": null,
        "description": null,
        "required": true,
        "notParam": false,
        "paramArray": true,
        "instructionText": null,
        "group": null,
        "order": 1,
        "customOrder": 0,
        "selection": {
          "selectionType": "MULTI_SELECT",
          "selectionValues": {},
          "defaultSelectedValues": [],
          "id": null
        },
        "range": [],
        "key": null,
        "provider": null,
        "binding": "",
        "sensitiveField": false,
        "id": null,
        "displayName": null
      }
    ],
    "customParamsOrder": false,
    "createTime": 1631541863165,
    "lastUpdateTime": 1631541863165,
    "latestVersionTime": 1631541863273,
    "validationErrors": {
      "templateErrors": [],
      "rollbackTemplateErrors": [],
      "templateId": "d36282be-32e7-4259-bae0-74707a8228f0",
      "templateVersion": null
    },
    "noOfConflicts": 0,
    "documentDatabase": false,
    "projectAssociated": true
  }
]