[
  {
    "name": "9800 SSID-mPSK",
    "description": "",
    "tags": [],
    "author": "admin",
    "deviceTypes": [
      {
        "productFamily": "Wireless Controller",
        "productSeries": "Cisco Catalyst 9800 Series Wireless Controllers"
      },
      {
        "productFamily": "Wireless Controller",
        "productSeries": "Cisco Catalyst 9800 Wireless Controllers for Cloud"
      }
    ],
    "softwareType": "IOS",
    "softwareVariant": "XE",
    "templateContent": "{# Option This option allows you to look for a key word in the profile name and apply mPSK \n   It does not require any bind variables but instead uses System Variables.content-scan\n#}\n\n{% macro def_SSID_mPSK() %}\n  {% for profile in __policyprofile %}\n    {% if \"iPSK\" in profile %}\n      wireless profile policy {{ profile }}\n        shutdown\n        security wpa wpa2 mpsk\n         priority 0 set-key ascii 0 C1sco12345C1sco12345\n         priority 1 set-key ascii 0 R@ndomR@ndomR@ndom\n         priority 2 set-key ascii 0 MyV01c315MyP@55w0Rd\n         priority 3 set-key ascii 0 Abracadabra12345\n        no shutdown\n    {% endif %}\n  {% endfor %}\n{%- endmacro %}  \n",
    "templateParams": [],
    "rollbackTemplateParams": [],
    "composite": false,
    "containingTemplates": [],
    "language": "JINJA",
    "promotedTemplateContent": "{# Option This option allows you to look for a key word in the profile name and apply mPSK \n   It does not require any bind variables but instead uses System Variables.content-scan\n#}\n\n{% macro def_SSID_mPSK() %}\n  {% for profile in __policyprofile %}\n    {% if \"iPSK\" in profile %}\n      wireless profile policy {{ profile }}\n        shutdown\n        security wpa wpa2 mpsk\n         priority 0 set-key ascii 0 C1sco12345C1sco12345\n         priority 1 set-key ascii 0 R@ndomR@ndomR@ndom\n         priority 2 set-key ascii 0 MyV01c315MyP@55w0Rd\n         priority 3 set-key ascii 0 Abracadabra12345\n        no shutdown\n    {% endif %}\n  {% endfor %}\n{%- endmacro %}  \n",
    "promotedTemplateParams": [],
    "customParamsOrder": false,
    "createTime": 1698720127254,
    "lastUpdateTime": 1698720969056,
    "latestVersionTime": 1698720975617,
    "validationErrors": {
      "templateErrors": [],
      "rollbackTemplateErrors": [],
      "templateId": "254fc7b1-a23b-4ca4-9e48-1e6e60a19aa3",
      "templateVersion": null
    },
    "noOfConflicts": 0,
    "documentDatabase": false,
    "projectAssociated": true
  }
]