[
  {
    "name": "9800 Common",
    "description": "",
    "tags": [],
    "author": "admin",
    "deviceTypes": [
      {
        "productFamily": "Wireless Controller"
      }
    ],
    "softwareType": "IOS",
    "softwareVariant": "XE",
    "templateContent": "{#\n!! 20210615 JOGRIM\n#}\n\n{# Provision RADIUS Test Probes #}\n{% for aaaEndpoint in __aaaendpointserver %}\n {% if aaaEndpoint.ipAddress != \"\" %}\n  radius server dnac-radius_{{ aaaEndpoint.ipAddress }}\n    automate-tester username c98-check probe-on\n {% endif %}\n{% endfor %}\n\n{# Provision PROXY ARP #}\n{% for profile in __policyprofile %}\n  wireless profile policy {{ profile }}\n    shutdown\n    ipv4 arp-proxy\n    no shutdown\n{% endfor %}",
    "rollbackTemplateContent": "",
    "templateParams": [
      {
        "parameterName": "__policyprofile",
        "dataType": "STRING",
        "defaultValue": null,
        "description": null,
        "required": true,
        "notParam": false,
        "paramArray": true,
        "instructionText": null,
        "group": null,
        "order": 2,
        "customOrder": 0,
        "selection": {
          "selectionType": "MULTI_SELECT",
          "selectionValues": {},
          "defaultSelectedValues": [],
          "id": null
        },
        "range": [],
        "key": null,
        "provider": null,
        "binding": "",
        "sensitiveField": false,
        "displayName": null
      },
      {
        "parameterName": "__aaaendpointserver",
        "dataType": "STRING",
        "defaultValue": null,
        "description": null,
        "required": true,
        "notParam": false,
        "paramArray": true,
        "instructionText": null,
        "group": null,
        "order": 1,
        "customOrder": 0,
        "selection": {
          "selectionType": "MULTI_SELECT",
          "selectionValues": {},
          "defaultSelectedValues": [],
          "id": null
        },
        "range": [],
        "key": null,
        "provider": null,
        "binding": "",
        "sensitiveField": false,
        "displayName": null
      }
    ],
    "rollbackTemplateParams": [],
    "composite": false,
    "containingTemplates": [],
    "language": "JINJA",
    "promotedTemplateContent": "{#\n!! 20210615 JOGRIM\n#}\n\n{# Provision RADIUS Test Probes #}\n{% for aaaEndpoint in __aaaendpointserver %}\n {% if aaaEndpoint.ipAddress != \"\" %}\n  radius server dnac-radius_{{ aaaEndpoint.ipAddress }}\n    automate-tester username c98-check probe-on\n {% endif %}\n{% endfor %}\n\n{# Provision PROXY ARP #}\n{% for profile in __policyprofile %}\n  wireless profile policy {{ profile }}\n    shutdown\n    ipv4 arp-proxy\n    no shutdown\n{% endfor %}",
    "promotedTemplateParams": [
      {
        "parameterName": "__aaaendpointserver",
        "dataType": "STRING",
        "defaultValue": null,
        "description": null,
        "required": true,
        "notParam": false,
        "paramArray": true,
        "instructionText": null,
        "group": null,
        "order": 1,
        "customOrder": 0,
        "selection": {
          "selectionType": "MULTI_SELECT",
          "selectionValues": {},
          "defaultSelectedValues": [],
          "id": null
        },
        "range": [],
        "key": null,
        "provider": null,
        "binding": "",
        "sensitiveField": false,
        "id": null,
        "displayName": null
      },
      {
        "parameterName": "__policyprofile",
        "dataType": "STRING",
        "defaultValue": null,
        "description": null,
        "required": true,
        "notParam": false,
        "paramArray": true,
        "instructionText": null,
        "group": null,
        "order": 2,
        "customOrder": 0,
        "selection": {
          "selectionType": "MULTI_SELECT",
          "selectionValues": {},
          "defaultSelectedValues": [],
          "id": null
        },
        "range": [],
        "key": null,
        "provider": null,
        "binding": "",
        "sensitiveField": false,
        "id": null,
        "displayName": null
      }
    ],
    "customParamsOrder": false,
    "createTime": 1631541862669,
    "lastUpdateTime": 1705936326479,
    "latestVersionTime": 1705936333144,
    "validationErrors": {
      "templateErrors": [],
      "rollbackTemplateErrors": [],
      "templateId": "5277d022-b46e-4c61-8376-420619bde782",
      "templateVersion": null
    },
    "noOfConflicts": 0,
    "documentDatabase": false,
    "projectAssociated": true
  }
]