[
  {
    "name": "9800 OpenRoaming",
    "description": "",
    "tags": [],
    "author": "",
    "deviceTypes": [
      {
        "productFamily": "Wireless Controller"
      }
    ],
    "softwareType": "IOS",
    "softwareVariant": "XE",
    "templateContent": "{#\n!! 20210615 JOGRIM\n#}\n\n{# PROVISION OPENROAMING ANQP PROFILE #}\n{% if anqp_provision == 0 %}\n  {# Clear Previous Configuration #}\n  no wireless hotspot anqp-server OpenRoaming type open-roaming\n{% elif anqp_provision == 1 %}\n  {# Clear Previous Configuration #}\n  no wireless hotspot anqp-server OpenRoaming type open-roaming\n  !\n  {# Provision New OpenRoaming ANQP #}\n  wireless hotspot anqp-server OpenRoaming type open-roaming\n   anqp-domain-id 0\n   domain cisco.com\n   hessid 0000.0000.0000\n   nai-realm 1.openroaming.org\n    eap-method eap-ttls\n     inner-auth-non-eap pap\n   nai-realm 2.openroaming.org\n    eap-method eap-ttls\n     inner-auth-non-eap mschap-v2\n   nai-realm 3.openroaming.org\n    eap-method eap-tls\n   nai-realm 4.openroaming.org\n    eap-method eap-aka\n   nai-realm open.openroaming.org\n    eap-method eap-tls\n    eap-method eap-ttls\n     inner-auth-non-eap mschap-v2\n     inner-auth-non-eap pap\n    eap-method eap-aka\n   network-type free-public internet-access allowed\n   wan-metrics downlink-load 0\n   wan-metrics downlink-speed 0\n   wan-metrics load-measurement-duration 0\n   wan-metrics uplink-load 0\n   wan-metrics uplink-speed 0\n   !\n   {# Operator ID can be customized. #}\n   operator OpenRoaming eng\n   ! \n   {# Advertise Selected ANQP Organizational IDs #}\n   {% for orgid in orgids %}\n     open-roaming-oi {{ orgid }} beacon\n   {% endfor %}\n{% endif %}\n\n{# Associate ANQP Profile to WLAN Profiles that contain \"SECURE\" #}\n{% for profile in __policyprofile %}\n  {% if \"SECURE\" in profile %}\n  wireless profile policy {{ profile }}\n    shutdown\n    hotspot anqp-server OpenRoaming\n    no shutdown\n  {% endif %}\n{% endfor %}",
    "rollbackTemplateContent": "",
    "templateParams": [
      {
        "parameterName": "anqp_provision",
        "dataType": "INTEGER",
        "defaultValue": null,
        "description": null,
        "required": true,
        "notParam": false,
        "paramArray": false,
        "instructionText": null,
        "group": null,
        "order": 1,
        "customOrder": 0,
        "selection": {
          "selectionType": "SINGLE_SELECT",
          "selectionValues": {
            "No": "0",
            "No Change": "3",
            "Yes": "1"
          },
          "defaultSelectedValues": [
            "No Change"
          ],
          "id": null
        },
        "range": [],
        "key": null,
        "provider": null,
        "binding": "",
        "sensitiveField": false,
        "displayName": "Provision OpenRoaming ANQP Profile"
      },
      {
        "parameterName": "__policyprofile",
        "dataType": "STRING",
        "defaultValue": null,
        "description": null,
        "required": true,
        "notParam": false,
        "paramArray": true,
        "instructionText": null,
        "group": null,
        "order": 2,
        "customOrder": 0,
        "selection": {
          "selectionType": "MULTI_SELECT",
          "selectionValues": {},
          "defaultSelectedValues": [],
          "id": null
        },
        "range": [],
        "key": null,
        "provider": null,
        "binding": "",
        "sensitiveField": false,
        "displayName": null
      }
    ],
    "rollbackTemplateParams": [],
    "composite": false,
    "containingTemplates": [],
    "language": "JINJA",
    "promotedTemplateContent": "{#\n!! 20210615 JOGRIM\n#}\n\n{# PROVISION OPENROAMING ANQP PROFILE #}\n{% if anqp_provision == 0 %}\n  {# Clear Previous Configuration #}\n  no wireless hotspot anqp-server OpenRoaming type open-roaming\n{% elif anqp_provision == 1 %}\n  {# Clear Previous Configuration #}\n  no wireless hotspot anqp-server OpenRoaming type open-roaming\n  !\n  {# Provision New OpenRoaming ANQP #}\n  wireless hotspot anqp-server OpenRoaming type open-roaming\n   anqp-domain-id 0\n   domain cisco.com\n   hessid 0000.0000.0000\n   nai-realm 1.openroaming.org\n    eap-method eap-ttls\n     inner-auth-non-eap pap\n   nai-realm 2.openroaming.org\n    eap-method eap-ttls\n     inner-auth-non-eap mschap-v2\n   nai-realm 3.openroaming.org\n    eap-method eap-tls\n   nai-realm 4.openroaming.org\n    eap-method eap-aka\n   nai-realm open.openroaming.org\n    eap-method eap-tls\n    eap-method eap-ttls\n     inner-auth-non-eap mschap-v2\n     inner-auth-non-eap pap\n    eap-method eap-aka\n   network-type free-public internet-access allowed\n   wan-metrics downlink-load 0\n   wan-metrics downlink-speed 0\n   wan-metrics load-measurement-duration 0\n   wan-metrics uplink-load 0\n   wan-metrics uplink-speed 0\n   !\n   {# Operator ID can be customized. #}\n   operator OpenRoaming eng\n   ! \n   {# Advertise Selected ANQP Organizational IDs #}\n   {% for orgid in orgids %}\n     open-roaming-oi {{ orgid }} beacon\n   {% endfor %}\n{% endif %}\n\n{# Associate ANQP Profile to WLAN Profiles that contain \"SECURE\" #}\n{% for profile in __policyprofile %}\n  {% if \"SECURE\" in profile %}\n  wireless profile policy {{ profile }}\n    shutdown\n    hotspot anqp-server OpenRoaming\n    no shutdown\n  {% endif %}\n{% endfor %}",
    "promotedTemplateParams": [
      {
        "parameterName": "anqp_provision",
        "dataType": "INTEGER",
        "defaultValue": null,
        "description": null,
        "required": true,
        "notParam": false,
        "paramArray": false,
        "instructionText": null,
        "group": null,
        "order": 1,
        "customOrder": 0,
        "selection": {
          "selectionType": "SINGLE_SELECT",
          "selectionValues": {
            "No": "0",
            "No Change": "3",
            "Yes": "1"
          },
          "defaultSelectedValues": [
            "No Change"
          ],
          "id": null
        },
        "range": [],
        "key": null,
        "provider": null,
        "binding": "",
        "sensitiveField": false,
        "id": null,
        "displayName": "Provision OpenRoaming ANQP Profile"
      },
      {
        "parameterName": "__policyprofile",
        "dataType": "STRING",
        "defaultValue": null,
        "description": null,
        "required": true,
        "notParam": false,
        "paramArray": true,
        "instructionText": null,
        "group": null,
        "order": 2,
        "customOrder": 0,
        "selection": {
          "selectionType": "MULTI_SELECT",
          "selectionValues": {},
          "defaultSelectedValues": [],
          "id": null
        },
        "range": [],
        "key": null,
        "provider": null,
        "binding": "",
        "sensitiveField": false,
        "id": null,
        "displayName": null
      }
    ],
    "customParamsOrder": false,
    "createTime": 1631541862886,
    "lastUpdateTime": 1631541862886,
    "latestVersionTime": 1631541863043,
    "validationErrors": {
      "templateErrors": [],
      "rollbackTemplateErrors": [],
      "templateId": "5844d1f8-655b-458f-b359-2cc42b395d6a",
      "templateVersion": null
    },
    "noOfConflicts": 0,
    "documentDatabase": false,
    "projectAssociated": true
  }
]