[
  {
    "name": "DCLOUD DNAC Template Lab DayN Jinja2",
    "tags": [],
    "templates": [
      {
        "name": "AAA_J2",
        "description": "",
        "tags": [],
        "deviceTypes": [
          {
            "productFamily": "Switches and Hubs",
            "productSeries": "Cisco Catalyst 9300 Series Switches"
          }
        ],
        "softwareType": "IOS",
        "softwareVariant": "XE",
        "templateContent": "aaa new-model\n!\naaa authentication username-prompt \"Authorized Username:\"\naaa authentication login admin local\naaa authorization console\naaa authorization exec admin local\naaa authentication login admin local-case\naaa authorization exec admin local \n!\nmac address-table notification mac-move\nmac address-table notification threshold\nmac-address-table notification change\n!",
        "rollbackTemplateContent": "",
        "templateParams": [],
        "rollbackTemplateParams": [],
        "composite": false,
        "containingTemplates": [],
        "language": "JINJA",
        "promotedTemplateContent": "aaa new-model\n!\naaa authentication username-prompt \"Authorized Username:\"\naaa authentication login admin local\naaa authorization console\naaa authorization exec admin local\naaa authentication login admin local-case\naaa authorization exec admin local \n!\nmac address-table notification mac-move\nmac address-table notification threshold\nmac-address-table notification change\n!",
        "promotedTemplateParams": [],
        "customParamsOrder": false,
        "createTime": 1651527087897,
        "lastUpdateTime": 1651527087897,
        "latestVersionTime": 1651527087897,
        "projectName": "DCLOUD DNAC Template Lab DayN Jinja2",
        "validationErrors": {
          "templateErrors": [],
          "rollbackTemplateErrors": [],
          "templateId": "444705c8-aa6d-4957-ac54-682fcd6a93a2",
          "templateVersion": null
        },
        "documentDatabase": false,
        "projectAssociated": true
      },
      {
        "name": "Automatic Uplink Naming_J2",
        "description": "",
        "tags": [],
        "deviceTypes": [
          {
            "productFamily": "Switches and Hubs",
            "productSeries": "Cisco Catalyst 9300 Series Switches"
          }
        ],
        "softwareType": "IOS",
        "softwareVariant": "XE",
        "templateContent": "!{#- Automated Uplink Description Script -#}\n!{#- This will always ensure the uplink descriptions are correct to upstream -#}\n!{#- Switches within the infrastructure  -#}\nevent manager applet update-port\n event neighbor-discovery interface regexp GigabitEthernet.* cdp add\n action 101 regexp \"(Switch|Router)\" \"$_nd_cdp_capabilities_string\"\n action 102 if $_regexp_result eq \"1\"\n action 103  cli command \"enable\"\n action 104  cli command \"config t\"\n action 105  cli command \"interface $_nd_local_intf_name\"\n action 106  regexp \"^([^\\.]+)\\.\" \"$_nd_cdp_entry_name\" match host\n action 107  regexp \"^([^\\.]+)\" \"$_nd_port_id\" match connectedport\n action 108  cli command \"no description\"\n action 109  cli command \"description Uplink to $host - $connectedport\"\n action 110  cli command \"interface port-channel 1\"\n action 111  cli command \"no description\"\n action 112  cli command \"description Uplink to $host\"\n action 113  cli command \"end\"\n action 114  cli command \"write\"\n action 115 end\n!\n",
        "rollbackTemplateContent": "",
        "templateParams": [],
        "rollbackTemplateParams": [],
        "composite": false,
        "containingTemplates": [],
        "language": "JINJA",
        "promotedTemplateContent": "!{#- Automated Uplink Description Script -#}\n!{#- This will always ensure the uplink descriptions are correct to upstream -#}\n!{#- Switches within the infrastructure  -#}\nevent manager applet update-port\n event neighbor-discovery interface regexp GigabitEthernet.* cdp add\n action 101 regexp \"(Switch|Router)\" \"$_nd_cdp_capabilities_string\"\n action 102 if $_regexp_result eq \"1\"\n action 103  cli command \"enable\"\n action 104  cli command \"config t\"\n action 105  cli command \"interface $_nd_local_intf_name\"\n action 106  regexp \"^([^\\.]+)\\.\" \"$_nd_cdp_entry_name\" match host\n action 107  regexp \"^([^\\.]+)\" \"$_nd_port_id\" match connectedport\n action 108  cli command \"no description\"\n action 109  cli command \"description Uplink to $host - $connectedport\"\n action 110  cli command \"interface port-channel 1\"\n action 111  cli command \"no description\"\n action 112  cli command \"description Uplink to $host\"\n action 113  cli command \"end\"\n action 114  cli command \"write\"\n action 115 end\n!\n",
        "promotedTemplateParams": [],
        "customParamsOrder": false,
        "createTime": 1651527088407,
        "lastUpdateTime": 1651527088407,
        "latestVersionTime": 1651527088407,
        "projectName": "DCLOUD DNAC Template Lab DayN Jinja2",
        "validationErrors": {
          "templateErrors": [],
          "rollbackTemplateErrors": [],
          "templateId": "6173e03e-d6e1-4e2f-a18d-89203b8cccb1",
          "templateVersion": null
        },
        "documentDatabase": false,
        "projectAssociated": true
      },
      {
        "name": "Access Lists_J2",
        "description": "",
        "tags": [],
        "deviceTypes": [
          {
            "productFamily": "Switches and Hubs",
            "productSeries": "Cisco Catalyst 9300 Series Switches"
          }
        ],
        "softwareType": "IOS",
        "softwareVariant": "XE",
        "templateContent": "!{#- ACL list for switch access and SNMP -#}\nip access-list standard 12\n 10 permit 198.18.129.0 0.0.0.255\n 20 permit 198.18.133.0 0.0.0.255\n 30 permit 198.18.134.0 0.0.0.255\n 40 permit 198.18.135.0 0.0.0.255\n 50 permit 198.18.136.0 0.0.0.255\n 60 permit 198.18.137.0 0.0.0.255\nip access-list standard 13\n 10 permit 198.18.129.0 0.0.0.255\n 20 permit 198.18.133.0 0.0.0.255\n 30 permit 198.18.134.0 0.0.0.255\n 40 permit 198.18.135.0 0.0.0.255\n 50 permit 198.18.136.0 0.0.0.255\n 60 permit 198.18.137.0 0.0.0.255",
        "rollbackTemplateContent": "",
        "templateParams": [],
        "rollbackTemplateParams": [],
        "composite": false,
        "containingTemplates": [],
        "language": "JINJA",
        "promotedTemplateContent": "!{#- ACL list for switch access and SNMP -#}\nip access-list standard 12\n 10 permit 198.18.129.0 0.0.0.255\n 20 permit 198.18.133.0 0.0.0.255\n 30 permit 198.18.134.0 0.0.0.255\n 40 permit 198.18.135.0 0.0.0.255\n 50 permit 198.18.136.0 0.0.0.255\n 60 permit 198.18.137.0 0.0.0.255\nip access-list standard 13\n 10 permit 198.18.129.0 0.0.0.255\n 20 permit 198.18.133.0 0.0.0.255\n 30 permit 198.18.134.0 0.0.0.255\n 40 permit 198.18.135.0 0.0.0.255\n 50 permit 198.18.136.0 0.0.0.255\n 60 permit 198.18.137.0 0.0.0.255",
        "promotedTemplateParams": [],
        "customParamsOrder": false,
        "createTime": 1651527087515,
        "lastUpdateTime": 1651527087515,
        "latestVersionTime": 1651527087515,
        "projectName": "DCLOUD DNAC Template Lab DayN Jinja2",
        "validationErrors": {
          "templateErrors": [],
          "rollbackTemplateErrors": [],
          "templateId": "af32abfd-d095-4fe9-8228-80bf92abd0c0",
          "templateVersion": null
        },
        "documentDatabase": false,
        "projectAssociated": true
      },
      {
        "name": "DNAC Template Lab DayN Composite Jinja2",
        "description": "",
        "tags": [],
        "deviceTypes": [
          {
            "productFamily": "Switches and Hubs",
            "productSeries": "Cisco Catalyst 9300 Series Switches"
          }
        ],
        "softwareType": "IOS",
        "softwareVariant": "XE",
        "templateContent": "",
        "rollbackTemplateContent": "",
        "templateParams": [],
        "rollbackTemplateParams": [],
        "composite": true,
        "containingTemplates": [
          {
            "name": "AAA_J2",
            "composite": false,
            "language": "JINJA",
            "description": "",
            "projectName": "DCLOUD DNAC Template Lab DayN Jinja2"
          },
          {
            "name": "Access Lists_J2",
            "composite": false,
            "language": "JINJA",
            "description": "",
            "projectName": "DCLOUD DNAC Template Lab DayN Jinja2"
          },
          {
            "name": "System Management_J2",
            "composite": false,
            "language": "JINJA",
            "description": "",
            "projectName": "DCLOUD DNAC Template Lab DayN Jinja2"
          },
          {
            "name": "Local User Management",
            "composite": false,
            "language": "JINJA",
            "description": "",
            "projectName": "DCLOUD DNAC Template Lab DayN Jinja2"
          },
          {
            "name": "Stacking_J2",
            "composite": false,
            "language": "JINJA",
            "description": "",
            "projectName": "DCLOUD DNAC Template Lab DayN Jinja2"
          },
          {
            "name": "VLANs Ports Per DF_J2",
            "composite": false,
            "language": "JINJA",
            "description": "",
            "projectName": "DCLOUD DNAC Template Lab DayN Jinja2"
          },
          {
            "name": "Automatic Uplink Naming_J2",
            "composite": false,
            "language": "JINJA",
            "description": "",
            "projectName": "DCLOUD DNAC Template Lab DayN Jinja2"
          }
        ],
        "failurePolicy": "CONTINUE_ON_ERROR",
        "language": "VELOCITY",
        "promotedTemplateContent": "[{\"name\":\"AAA_J2\",\"id\":\"444705c8-aa6d-4957-ac54-682fcd6a93a2\",\"composite\":false,\"language\":\"JINJA\",\"description\":\"\"},{\"name\":\"Access Lists_J2\",\"id\":\"af32abfd-d095-4fe9-8228-80bf92abd0c0\",\"composite\":false,\"language\":\"JINJA\",\"description\":\"\"},{\"name\":\"System Management_J2\",\"id\":\"57aaf28e-85df-4103-82e7-3adad3483585\",\"composite\":false,\"language\":\"JINJA\",\"description\":\"\"},{\"name\":\"Local User Management\",\"id\":\"059bf797-c278-48d4-838c-df19319247e8\",\"composite\":false,\"language\":\"JINJA\",\"description\":\"\"},{\"name\":\"Stacking_J2\",\"id\":\"e4b2d057-f5d1-45b0-ba27-442ba917bc20\",\"composite\":false,\"language\":\"JINJA\",\"description\":\"\"},{\"name\":\"VLANs Ports Per DF_J2\",\"id\":\"3f737c3f-0256-4b1f-9c94-c8a005c4f120\",\"composite\":false,\"language\":\"JINJA\",\"description\":\"\"},{\"name\":\"Automatic Uplink Naming_J2\",\"id\":\"6173e03e-d6e1-4e2f-a18d-89203b8cccb1\",\"composite\":false,\"language\":\"JINJA\",\"description\":\"\"}]",
        "promotedTemplateParams": [],
        "customParamsOrder": false,
        "createTime": 1651527092320,
        "lastUpdateTime": 1651527092320,
        "latestVersionTime": 1651527092320,
        "projectName": "DCLOUD DNAC Template Lab DayN Jinja2",
        "validationErrors": {
          "templateErrors": [],
          "rollbackTemplateErrors": [],
          "templateId": "cd62b996-c43d-4371-b54b-3eb299982cfb",
          "templateVersion": null
        },
        "documentDatabase": false,
        "projectAssociated": true
      },
      {
        "name": "Stacking-v2_J2",
        "description": "",
        "tags": [],
        "deviceTypes": [
          {
            "productFamily": "Switches and Hubs",
            "productSeries": "Cisco Catalyst 9300 Series Switches"
          }
        ],
        "softwareType": "IOS",
        "softwareVariant": "XE",
        "templateContent": "{#- 9300 Stack Power and Priority -#}\n\n{% if StackMemberCount > 1 %}\n   stack-power stack Powerstack1\n   mode redundant strict\n   {% if StackMemberCount > 4 %}\n      stack-power stack Powerstack2\n      mode redundant strict\n   {% endif %}\n   {% for Switch in range(0,StackMemberCount,1) %}\n      {% if loop.index <= (StackMemberCount/2|round('ceil')) %}\n         stack-power switch {{ loop.index }}\n         stack Powerstack1\n      {% elif loop.index > (StackMemberCount/2|round('ceil')) %}\n         stack-power switch {{ loop.index }}\n         stack Powerstack2\n      {% endif %}\n      {{ loop.index }}\n   {% endfor %}\n   #MODE_ENABLE\n   {% for Switch in range(0,StackMemberCount,1) %}\n      {% if loop.index == 1 %}\n         switch {{ loop.index }} priority 10\n      {% elif Switch == 2 %}\n         switch {{ loop.index }} priority 9\n      {% else %}\n         switch {{ loop.index }} priority 8\n      {% endif %}\n   {% endfor %}\n   #MODE_END_ENABLE\n{% endif %}",
        "rollbackTemplateContent": "",
        "templateParams": [
          {
            "parameterName": "StackMemberCount",
            "dataType": "STRING",
            "defaultValue": null,
            "description": null,
            "required": true,
            "notParam": false,
            "paramArray": false,
            "instructionText": null,
            "group": null,
            "order": 1,
            "customOrder": 0,
            "selection": null,
            "range": [],
            "key": null,
            "provider": null,
            "binding": "",
            "displayName": null
          }
        ],
        "rollbackTemplateParams": [],
        "composite": false,
        "containingTemplates": [],
        "language": "JINJA",
        "promotedTemplateContent": "{#- 9300 Stack Power and Priority -#}\n\n{% if StackMemberCount > 1 %}\n   stack-power stack Powerstack1\n   mode redundant strict\n   {% if StackMemberCount > 4 %}\n      stack-power stack Powerstack2\n      mode redundant strict\n   {% endif %}\n   {% for Switch in range(0,StackMemberCount,1) %}\n      {% if loop.index <= (StackMemberCount/2|round('ceil')) %}\n         stack-power switch {{ loop.index }}\n         stack Powerstack1\n      {% elif loop.index > (StackMemberCount/2|round('ceil')) %}\n         stack-power switch {{ loop.index }}\n         stack Powerstack2\n      {% endif %}\n      {{ loop.index }}\n   {% endfor %}\n   #MODE_ENABLE\n   {% for Switch in range(0,StackMemberCount,1) %}\n      {% if loop.index == 1 %}\n         switch {{ loop.index }} priority 10\n      {% elif Switch == 2 %}\n         switch {{ loop.index }} priority 9\n      {% else %}\n         switch {{ loop.index }} priority 8\n      {% endif %}\n   {% endfor %}\n   #MODE_END_ENABLE\n{% endif %}",
        "promotedTemplateParams": [
          {
            "parameterName": "StackMemberCount",
            "dataType": "STRING",
            "defaultValue": null,
            "description": null,
            "required": true,
            "notParam": false,
            "paramArray": false,
            "instructionText": null,
            "group": null,
            "order": 1,
            "customOrder": 0,
            "selection": null,
            "range": [],
            "key": null,
            "provider": null,
            "binding": "",
            "id": null,
            "displayName": null
          }
        ],
        "customParamsOrder": false,
        "createTime": 1672852268194,
        "lastUpdateTime": 1672852604848,
        "latestVersionTime": 1672852622799,
        "projectName": "DCLOUD DNAC Template Lab DayN Jinja2",
        "validationErrors": {
          "templateErrors": [],
          "rollbackTemplateErrors": [],
          "templateId": "5da4ff05-4650-467c-8aaf-6a2332bccec2",
          "templateVersion": null
        },
        "documentDatabase": false,
        "projectAssociated": true
      },
      {
        "name": "Stacking_J2",
        "description": "",
        "tags": [],
        "deviceTypes": [
          {
            "productFamily": "Switches and Hubs",
            "productSeries": "Cisco Catalyst 9300 Series Switches"
          }
        ],
        "softwareType": "IOS",
        "softwareVariant": "XE",
        "templateContent": "{#- 9300 Stack Power and Priority -#}\n\n{% set StackCount = __device.serialNumber | split(\",\")  %}\n{% set StackMemberCount =  StackCount | length  -%}\n{% set StackMemberCountOffset = StackMemberCount + 1 %}\n\n{% if StackMemberCount > 1 %}\n  stack-power stack Powerstack1\n  mode redundant strict\n  {% if StackMemberCount > 4 %}\n    stack Powerstack2\n    mode redundant strict\n  {% endif %}\n  {% for Switch in range(1, StackMemberCountOffset) %}\n    {% if Switch < 5 %}\n      stack-power switch {{ Switch }}\n      stack Powerstack1\n    {% elif Switch > 4 %}\n      stack-power switch {{ Switch }}\n      stack Powerstack2\n    {% endif %}\n  {% endfor %}\n  #MODE_ENABLE      \n  {% for Switch in range(1, StackMemberCountOffset) %}\n    {% if Switch == 1 %}\n      switch {{ Switch }} priority 10\n    {% elif Switch == 2 %}\n      switch {{ Switch }} priority 9\n    {% else %}\n      switch {{ Switch }} priority 8\n    {% endif %}\n  {% endfor %}\n  #MODE_END_ENABLE\n{% endif %}",
        "rollbackTemplateContent": "",
        "templateParams": [
          {
            "parameterName": "StackMemberCountOffset",
            "dataType": "STRING",
            "defaultValue": null,
            "description": null,
            "required": false,
            "notParam": true,
            "paramArray": false,
            "instructionText": null,
            "group": null,
            "order": 2,
            "customOrder": 0,
            "selection": {
              "selectionType": null,
              "selectionValues": {},
              "defaultSelectedValues": [],
              "id": null
            },
            "range": [],
            "key": null,
            "provider": null,
            "binding": "",
            "displayName": null
          },
          {
            "parameterName": "__device",
            "dataType": "STRING",
            "defaultValue": null,
            "description": null,
            "required": true,
            "notParam": false,
            "paramArray": false,
            "instructionText": null,
            "group": null,
            "order": 1,
            "customOrder": 0,
            "selection": null,
            "range": [],
            "key": null,
            "provider": null,
            "binding": "",
            "displayName": null
          }
        ],
        "rollbackTemplateParams": [],
        "composite": false,
        "containingTemplates": [],
        "language": "JINJA",
        "promotedTemplateContent": "{#- 9300 Stack Power and Priority -#}\n\n{% set StackCount = __device.serialNumber | split(\",\")  %}\n{% set StackMemberCount =  StackCount | length  -%}\n{% set StackMemberCountOffset = StackMemberCount + 1 %}\n\n{% if StackMemberCount > 1 %}\n  stack-power stack Powerstack1\n  mode redundant strict\n  {% if StackMemberCount > 4 %}\n    stack Powerstack2\n    mode redundant strict\n  {% endif %}\n  {% for Switch in range(1, StackMemberCountOffset) %}\n    {% if Switch < 5 %}\n      stack-power switch {{ Switch }}\n      stack Powerstack1\n    {% elif Switch > 4 %}\n      stack-power switch {{ Switch }}\n      stack Powerstack2\n    {% endif %}\n  {% endfor %}\n  #MODE_ENABLE      \n  {% for Switch in range(1, StackMemberCountOffset) %}\n    {% if Switch == 1 %}\n      switch {{ Switch }} priority 10\n    {% elif Switch == 2 %}\n      switch {{ Switch }} priority 9\n    {% else %}\n      switch {{ Switch }} priority 8\n    {% endif %}\n  {% endfor %}\n  #MODE_END_ENABLE\n{% endif %}",
        "promotedTemplateParams": [
          {
            "parameterName": "StackMemberCountOffset",
            "dataType": "STRING",
            "defaultValue": null,
            "description": null,
            "required": false,
            "notParam": true,
            "paramArray": false,
            "instructionText": null,
            "group": null,
            "order": 2,
            "customOrder": 0,
            "selection": {
              "selectionType": null,
              "selectionValues": {},
              "defaultSelectedValues": [],
              "id": null
            },
            "range": [],
            "key": null,
            "provider": null,
            "binding": "",
            "id": null,
            "displayName": null
          },
          {
            "parameterName": "__device",
            "dataType": "STRING",
            "defaultValue": null,
            "description": null,
            "required": true,
            "notParam": false,
            "paramArray": false,
            "instructionText": null,
            "group": null,
            "order": 1,
            "customOrder": 0,
            "selection": null,
            "range": [],
            "key": null,
            "provider": null,
            "binding": "",
            "id": null,
            "displayName": null
          }
        ],
        "customParamsOrder": false,
        "createTime": 1651527089791,
        "lastUpdateTime": 1672868675063,
        "latestVersionTime": 1651527089791,
        "projectName": "DCLOUD DNAC Template Lab DayN Jinja2",
        "validationErrors": {
          "templateErrors": [],
          "rollbackTemplateErrors": [],
          "templateId": "e4b2d057-f5d1-45b0-ba27-442ba917bc20",
          "templateVersion": null
        },
        "documentDatabase": false,
        "projectAssociated": true
      },
      {
        "name": "System Management_J2",
        "description": "",
        "tags": [],
        "deviceTypes": [
          {
            "productFamily": "Switches and Hubs",
            "productSeries": "Cisco Catalyst 9300 Series Switches"
          }
        ],
        "softwareType": "IOS",
        "softwareVariant": "XE",
        "templateContent": "!{#- System Management for Cat9k Only -#}\nno service pad\nservice tcp-keepalives-in\nservice tcp-keepalives-out\nservice timestamps debug datetime msec localtime show-timezone\nservice timestamps log datetime msec show-timezone\nservice password-encryption\nservice sequence-numbers\n!\nip subnet-zero\nip dhcp snooping\n!\nlldp run\n!\nport-channel load-balance src-dst-ip\n!\nspanning-tree mode rapid-pvst\nspanning-tree portfast default\nspanning-tree portfast bpduguard default\n!\nerrdisable recovery cause all\nerrdisable recovery interval 30\n!\nip tftp blocksize 8184\n!\nudld enable\n!\nlogging buffered 64000 debug\nno logging console\nlogging trap notifications\n!\nsnmp-server contact Network Campus\nsnmp-server location {{ location }}\n!\nline con 0\n exec-timeout 15 0\n login authentication admin\n logging synchronous\n authorization exec admin\nline vty 0 15\n access-class 12 in\n exec-timeout 15 0\n login authentication admin\n logging synchronous\n authorization exec admin\n transport input ssh\n",
        "rollbackTemplateContent": "",
        "templateParams": [
          {
            "parameterName": "location",
            "dataType": "STRING",
            "defaultValue": "DNAC-LAB-DCLOUD",
            "description": null,
            "required": true,
            "notParam": false,
            "paramArray": false,
            "instructionText": null,
            "group": null,
            "order": 1,
            "customOrder": 0,
            "selection": {
              "selectionType": null,
              "selectionValues": {},
              "defaultSelectedValues": [],
              "id": null
            },
            "range": [],
            "key": null,
            "provider": null,
            "binding": "",
            "displayName": null
          }
        ],
        "rollbackTemplateParams": [],
        "composite": false,
        "containingTemplates": [],
        "language": "JINJA",
        "promotedTemplateContent": "!{#- System Management for Cat9k Only -#}\nno service pad\nservice tcp-keepalives-in\nservice tcp-keepalives-out\nservice timestamps debug datetime msec localtime show-timezone\nservice timestamps log datetime msec show-timezone\nservice password-encryption\nservice sequence-numbers\n!\nip subnet-zero\nip dhcp snooping\n!\nlldp run\n!\nport-channel load-balance src-dst-ip\n!\nspanning-tree mode rapid-pvst\nspanning-tree portfast default\nspanning-tree portfast bpduguard default\n!\nerrdisable recovery cause all\nerrdisable recovery interval 30\n!\nip tftp blocksize 8184\n!\nudld enable\n!\nlogging buffered 64000 debug\nno logging console\nlogging trap notifications\n!\nsnmp-server contact Network Campus\nsnmp-server location {{ location }}\n!\nline con 0\n exec-timeout 15 0\n login authentication admin\n logging synchronous\n authorization exec admin\nline vty 0 15\n access-class 12 in\n exec-timeout 15 0\n login authentication admin\n logging synchronous\n authorization exec admin\n transport input ssh\n",
        "promotedTemplateParams": [
          {
            "parameterName": "location",
            "dataType": "STRING",
            "defaultValue": "DNAC-LAB-DCLOUD",
            "description": null,
            "required": true,
            "notParam": false,
            "paramArray": false,
            "instructionText": null,
            "group": null,
            "order": 1,
            "customOrder": 0,
            "selection": {
              "selectionType": null,
              "selectionValues": {},
              "defaultSelectedValues": [],
              "id": null
            },
            "range": [],
            "key": null,
            "provider": null,
            "binding": "",
            "id": null,
            "displayName": null
          }
        ],
        "customParamsOrder": false,
        "createTime": 1651527090199,
        "lastUpdateTime": 1651527090199,
        "latestVersionTime": 1651527090199,
        "projectName": "DCLOUD DNAC Template Lab DayN Jinja2",
        "validationErrors": {
          "templateErrors": [],
          "rollbackTemplateErrors": [],
          "templateId": "57aaf28e-85df-4103-82e7-3adad3483585",
          "templateVersion": null
        },
        "documentDatabase": false,
        "projectAssociated": true
      },
      {
        "name": "VLANs Ports Per DF_J2",
        "description": "",
        "tags": [],
        "deviceTypes": [
          {
            "productFamily": "Switches and Hubs",
            "productSeries": "Cisco Catalyst 9300 Series Switches"
          }
        ],
        "softwareType": "IOS",
        "softwareVariant": "XE",
        "templateContent": "{# Stack information variables -#}\n{% set StackPIDs = __device.platformId | split(\",\")  %}\n{% set StackMemberCount =  StackPIDs | length  -%}\n{% set PortTotal = [] %}\n{% for Switch in range(StackMemberCount) -%}\n  {% set Model = StackPIDs[Switch] -%}\n  {% if '48' in Model -%}\n    {% do PortTotal.append(48) -%}\n  {% elif '24' in Model -%}\n    {% do PortTotal.append(24) -%}  \n  {% endif -%}\n{% endfor -%}\n!\n!{#-  VLANs per IDF -#}\n{%- set data_vlan_number = 200 + MDF -%}\n{%- set voice_vlan_number = 300 + MDF -%}\n{%- set ap_vlan_number = 400 + MDF -%}\n{%- set guest_vlan_number = 500 + MDF -%}\n{%- set bh_vlan_number = 999 %}\n\nvlan {{ data_vlan_number }} \nname data\nvlan {{ voice_vlan_number }} \nname voice\nvlan {{ ap_vlan_number }} \nname accesspoint\nvlan {{ guest_vlan_number }} \nname guest\nvlan {{ bh_vlan_number }} \nname disabled\n!\ndevice-tracking upgrade-cli force\n!\ndevice-tracking policy IPDT_MAX_10\n limit address-count 10\n no protocol udp\n tracking enable\n!\n!{#- Macros -#}\n{#- Use Bind to Source variable to select access interfaces -#}\n{%- macro access_interface()  %}\n  description Workstation\n  switchport access vlan {{ data_vlan_number }}\n  switchport mode access\n  switchport voice vlan {{ voice_vlan_number }}\n  switchport port-security maximum 3\n  switchport port-security\n  spanning-tree portfast\n  spanning-tree bpduguard enable\n{%- endmacro -%}\n\n{%- macro uplink_interface()  -%}\n   switchport trunk allowed vlan add {{ data_vlan_number }},{{ voice_vlan_number }},{{ ap_vlan_number }},{{ guest_vlan_number }},{{ bh_vlan_number }} \n{%- endmacro -%}\n\n!{#- Access Port Configuration -#}\n{% for Switch in range(StackMemberCount) -%}\n{%- set SwiNum = Switch + 1 -%}\ninterface range gi{{ SwiNum }}/0/1 - 9, gi{{ SwiNum }}/0/12 - {{ PortTotal[Switch] }}\n{{ access_interface() }}\n{% endfor -%}\n\n!{#- Uplink Port Configuration -#}\ninterface port-channel 1\n{{ uplink_interface() }}\n",
        "rollbackTemplateContent": "",
        "templateParams": [
          {
            "parameterName": "ap_vlan_number",
            "dataType": "STRING",
            "defaultValue": null,
            "description": null,
            "required": false,
            "notParam": true,
            "paramArray": false,
            "instructionText": null,
            "group": null,
            "order": 6,
            "customOrder": 0,
            "selection": {
              "selectionType": null,
              "selectionValues": {},
              "defaultSelectedValues": [],
              "id": null
            },
            "range": [],
            "key": null,
            "provider": null,
            "binding": "",
            "displayName": null
          },
          {
            "parameterName": "__device",
            "dataType": "STRING",
            "defaultValue": null,
            "description": null,
            "required": true,
            "notParam": false,
            "paramArray": false,
            "instructionText": null,
            "group": null,
            "order": 1,
            "customOrder": 0,
            "selection": null,
            "range": [],
            "key": null,
            "provider": null,
            "binding": "",
            "displayName": null
          },
          {
            "parameterName": "guest_vlan_number",
            "dataType": "STRING",
            "defaultValue": null,
            "description": null,
            "required": false,
            "notParam": true,
            "paramArray": false,
            "instructionText": null,
            "group": null,
            "order": 7,
            "customOrder": 0,
            "selection": {
              "selectionType": null,
              "selectionValues": {},
              "defaultSelectedValues": [],
              "id": null
            },
            "range": [],
            "key": null,
            "provider": null,
            "binding": "",
            "displayName": null
          },
          {
            "parameterName": "data_vlan_number",
            "dataType": "STRING",
            "defaultValue": null,
            "description": null,
            "required": false,
            "notParam": true,
            "paramArray": false,
            "instructionText": null,
            "group": null,
            "order": 4,
            "customOrder": 0,
            "selection": {
              "selectionType": null,
              "selectionValues": {},
              "defaultSelectedValues": [],
              "id": null
            },
            "range": [],
            "key": null,
            "provider": null,
            "binding": "",
            "displayName": null
          },
          {
            "parameterName": "MDF",
            "dataType": "INTEGER",
            "defaultValue": "01",
            "description": null,
            "required": true,
            "notParam": false,
            "paramArray": false,
            "instructionText": null,
            "group": null,
            "order": 3,
            "customOrder": 0,
            "selection": {
              "selectionType": null,
              "selectionValues": {},
              "defaultSelectedValues": [],
              "id": null
            },
            "range": [],
            "key": null,
            "provider": null,
            "binding": "",
            "displayName": null
          },
          {
            "parameterName": "Model",
            "dataType": "STRING",
            "defaultValue": null,
            "description": null,
            "required": false,
            "notParam": true,
            "paramArray": false,
            "instructionText": null,
            "group": null,
            "order": 2,
            "customOrder": 0,
            "selection": {
              "selectionType": null,
              "selectionValues": {},
              "defaultSelectedValues": [],
              "id": null
            },
            "range": [],
            "key": null,
            "provider": null,
            "binding": "",
            "displayName": null
          },
          {
            "parameterName": "voice_vlan_number",
            "dataType": "STRING",
            "defaultValue": null,
            "description": null,
            "required": false,
            "notParam": true,
            "paramArray": false,
            "instructionText": null,
            "group": null,
            "order": 5,
            "customOrder": 0,
            "selection": {
              "selectionType": null,
              "selectionValues": {},
              "defaultSelectedValues": [],
              "id": null
            },
            "range": [],
            "key": null,
            "provider": null,
            "binding": "",
            "displayName": null
          }
        ],
        "rollbackTemplateParams": [],
        "composite": false,
        "containingTemplates": [],
        "language": "JINJA",
        "promotedTemplateContent": "{# Stack information variables -#}\n{% set StackPIDs = __device.platformId | split(\",\")  %}\n{% set StackMemberCount =  StackPIDs | length  -%}\n{% set PortTotal = [] %}\n{% for Switch in range(StackMemberCount) -%}\n  {% set Model = StackPIDs[Switch] -%}\n  {% if '48' in Model -%}\n    {% do PortTotal.append(48) -%}\n  {% elif '24' in Model -%}\n    {% do PortTotal.append(24) -%}  \n  {% endif -%}\n{% endfor -%}\n!\n!{#-  VLANs per IDF -#}\n{%- set data_vlan_number = 200 + MDF -%}\n{%- set voice_vlan_number = 300 + MDF -%}\n{%- set ap_vlan_number = 400 + MDF -%}\n{%- set guest_vlan_number = 500 + MDF -%}\n{%- set bh_vlan_number = 999 %}\n\nvlan {{ data_vlan_number }} \nname data\nvlan {{ voice_vlan_number }} \nname voice\nvlan {{ ap_vlan_number }} \nname accesspoint\nvlan {{ guest_vlan_number }} \nname guest\nvlan {{ bh_vlan_number }} \nname disabled\n!\ndevice-tracking upgrade-cli force\n!\ndevice-tracking policy IPDT_MAX_10\n limit address-count 10\n no protocol udp\n tracking enable\n!\n!{#- Macros -#}\n{#- Use Bind to Source variable to select access interfaces -#}\n{%- macro access_interface()  %}\n  description Workstation\n  switchport access vlan {{ data_vlan_number }}\n  switchport mode access\n  switchport voice vlan {{ voice_vlan_number }}\n  switchport port-security maximum 3\n  switchport port-security\n  spanning-tree portfast\n  spanning-tree bpduguard enable\n{%- endmacro -%}\n\n{%- macro uplink_interface()  -%}\n   switchport trunk allowed vlan add {{ data_vlan_number }},{{ voice_vlan_number }},{{ ap_vlan_number }},{{ guest_vlan_number }},{{ bh_vlan_number }} \n{%- endmacro -%}\n\n!{#- Access Port Configuration -#}\n{% for Switch in range(StackMemberCount) -%}\n{%- set SwiNum = Switch + 1 -%}\ninterface range gi{{ SwiNum }}/0/1 - 9, gi{{ SwiNum }}/0/12 - {{ PortTotal[Switch] }}\n{{ access_interface() }}\n{% endfor -%}\n\n!{#- Uplink Port Configuration -#}\ninterface port-channel 1\n{{ uplink_interface() }}\n",
        "promotedTemplateParams": [
          {
            "parameterName": "guest_vlan_number",
            "dataType": "STRING",
            "defaultValue": null,
            "description": null,
            "required": false,
            "notParam": true,
            "paramArray": false,
            "instructionText": null,
            "group": null,
            "order": 7,
            "customOrder": 0,
            "selection": {
              "selectionType": null,
              "selectionValues": {},
              "defaultSelectedValues": [],
              "id": null
            },
            "range": [],
            "key": null,
            "provider": null,
            "binding": "",
            "id": null,
            "displayName": null
          },
          {
            "parameterName": "voice_vlan_number",
            "dataType": "STRING",
            "defaultValue": null,
            "description": null,
            "required": false,
            "notParam": true,
            "paramArray": false,
            "instructionText": null,
            "group": null,
            "order": 5,
            "customOrder": 0,
            "selection": {
              "selectionType": null,
              "selectionValues": {},
              "defaultSelectedValues": [],
              "id": null
            },
            "range": [],
            "key": null,
            "provider": null,
            "binding": "",
            "id": null,
            "displayName": null
          },
          {
            "parameterName": "MDF",
            "dataType": "INTEGER",
            "defaultValue": "01",
            "description": null,
            "required": true,
            "notParam": false,
            "paramArray": false,
            "instructionText": null,
            "group": null,
            "order": 3,
            "customOrder": 0,
            "selection": {
              "selectionType": null,
              "selectionValues": {},
              "defaultSelectedValues": [],
              "id": null
            },
            "range": [],
            "key": null,
            "provider": null,
            "binding": "",
            "id": null,
            "displayName": null
          },
          {
            "parameterName": "__device",
            "dataType": "STRING",
            "defaultValue": null,
            "description": null,
            "required": true,
            "notParam": false,
            "paramArray": false,
            "instructionText": null,
            "group": null,
            "order": 1,
            "customOrder": 0,
            "selection": null,
            "range": [],
            "key": null,
            "provider": null,
            "binding": "",
            "id": null,
            "displayName": null
          },
          {
            "parameterName": "ap_vlan_number",
            "dataType": "STRING",
            "defaultValue": null,
            "description": null,
            "required": false,
            "notParam": true,
            "paramArray": false,
            "instructionText": null,
            "group": null,
            "order": 6,
            "customOrder": 0,
            "selection": {
              "selectionType": null,
              "selectionValues": {},
              "defaultSelectedValues": [],
              "id": null
            },
            "range": [],
            "key": null,
            "provider": null,
            "binding": "",
            "id": null,
            "displayName": null
          },
          {
            "parameterName": "data_vlan_number",
            "dataType": "STRING",
            "defaultValue": null,
            "description": null,
            "required": false,
            "notParam": true,
            "paramArray": false,
            "instructionText": null,
            "group": null,
            "order": 4,
            "customOrder": 0,
            "selection": {
              "selectionType": null,
              "selectionValues": {},
              "defaultSelectedValues": [],
              "id": null
            },
            "range": [],
            "key": null,
            "provider": null,
            "binding": "",
            "id": null,
            "displayName": null
          },
          {
            "parameterName": "Model",
            "dataType": "STRING",
            "defaultValue": null,
            "description": null,
            "required": false,
            "notParam": true,
            "paramArray": false,
            "instructionText": null,
            "group": null,
            "order": 2,
            "customOrder": 0,
            "selection": {
              "selectionType": null,
              "selectionValues": {},
              "defaultSelectedValues": [],
              "id": null
            },
            "range": [],
            "key": null,
            "provider": null,
            "binding": "",
            "id": null,
            "displayName": null
          }
        ],
        "customParamsOrder": false,
        "createTime": 1651527088897,
        "lastUpdateTime": 1672868640168,
        "latestVersionTime": 1651527088897,
        "projectName": "DCLOUD DNAC Template Lab DayN Jinja2",
        "validationErrors": {
          "templateErrors": [],
          "rollbackTemplateErrors": [],
          "templateId": "3f737c3f-0256-4b1f-9c94-c8a005c4f120",
          "templateVersion": null
        },
        "documentDatabase": false,
        "projectAssociated": true
      },
      {
        "name": "Local User Management",
        "description": "",
        "tags": [],
        "deviceTypes": [
          {
            "productFamily": "Switches and Hubs",
            "productSeries": "Cisco Catalyst 9300 Series Switches"
          }
        ],
        "softwareType": "IOS",
        "softwareVariant": "XE",
        "templateContent": "!{#- Be Careful of using special characters that might create unexpected behaviors -#}\n!{#- using a $ is ok in Jinja Templates, but watch out for {} -#}\nusername demouser1 secret C1sco12345\nusername demouser2 secret C1sco12345",
        "rollbackTemplateContent": "",
        "templateParams": [],
        "rollbackTemplateParams": [],
        "composite": false,
        "containingTemplates": [],
        "language": "JINJA",
        "promotedTemplateContent": "!{#- Be Careful of using special characters that might create unexpected behaviors -#}\n!{#- using a $ is ok in Jinja Templates, but watch out for {} -#}\nusername demouser1 secret C1sco12345\nusername demouser2 secret C1sco12345",
        "promotedTemplateParams": [],
        "customParamsOrder": false,
        "createTime": 1651527089309,
        "lastUpdateTime": 1651527089309,
        "latestVersionTime": 1651527089309,
        "projectName": "DCLOUD DNAC Template Lab DayN Jinja2",
        "validationErrors": {
          "templateErrors": [],
          "rollbackTemplateErrors": [],
          "templateId": "059bf797-c278-48d4-838c-df19319247e8",
          "templateVersion": null
        },
        "documentDatabase": false,
        "projectAssociated": true
      }
    ],
    "isDeletable": true
  }
]