[
  {
    "name": "DNAC Template Lab DayN Composite",
    "description": "",
    "tags": [],
    "deviceTypes": [
      {
        "productFamily": "Switches and Hubs",
        "productSeries": "Cisco Catalyst 9300 Series Switches"
      }
    ],
    "softwareType": "IOS",
    "softwareVariant": "XE",
    "templateParams": [],
    "rollbackTemplateParams": [],
    "composite": true,
    "containingTemplates": [],
    "language": "VELOCITY",
    "customParamsOrder": false,
    "createTime": 1622740340924,
    "lastUpdateTime": 1622740340924,
    "latestVersionTime": 1622740350566,
    "validationErrors": {
      "templateErrors": [],
      "rollbackTemplateErrors": [],
      "templateId": "687a8e46-5baf-4d21-8274-8bb12557c338"
    },
    "projectAssociated": true,
    "documentDatabase": false
  }
]