[
  {
    "name": "Platinum Onboarding Template using 2.1.2.5 gen template",
    "description": "",
    "tags": [],
    "deviceTypes": [
      {
        "productFamily": "Switches and Hubs",
        "productSeries": "Cisco Catalyst 9300 Series Switches"
      }
    ],
    "softwareType": "IOS",
    "softwareVariant": "XE",
    "templateContent": "##<------Onboarding-Template------->\n##To be used for onboarding when using Day N Templates\n##Define Variables provision with vlan and port channel\n!\n##MTU Adjust (if required)\n##system mtu 9100\n!\n##Set hostname\nhostname ${Hostname}\n!\n##Set VTP and VLAN for onboarding\nvtp domain ${VtpDomain}\nvtp mode transparent\n!\nvlan ${MgmtVlan}\n!\n##Set Interfaces and Build Port Channel \ninterface range gi 1/0/10-11\n shut \n switchport trunk allowed vlan ${MgmtVlan}\n channel-protocol lacp\n channel-group 1 mode passive\n no shut\n!\ninterface Port-channel1\n switchport trunk native vlan ${MgmtVlan}\n switchport trunk allowed vlan ${MgmtVlan}\n switchport mode trunk\n no port-channel standalone-disable\n!\n##Set Up Managment Vlan ${MgmtVlan}\ninterface Vlan ${MgmtVlan}\n ip address ${SwitchIP} ${SubnetMask}\n no ip redirects\n no ip proxy-arp\n no shut\n!\nip default-gateway ${Gateway}\n!\n##Set Source of Management Traffic\nip domain lookup source-interface Vlan ${MgmtVlan}\nip http client source-interface Vlan ${MgmtVlan}\nip ftp source-interface Vlan ${MgmtVlan}\nip tftp source-interface Vlan ${MgmtVlan}\nip ssh source-interface Vlan ${MgmtVlan}\nip radius source-interface Vlan ${MgmtVlan}\nlogging source-interface Vlan ${MgmtVlan}\nsnmp-server trap-source Vlan ${MgmtVlan}\nntp source Vlan ${MgmtVlan}\n!\n##Disable Vlan 1\ninterface Vlan 1\n shutdown\n!\n",
    "rollbackTemplateContent": "",
    "templateParams": [
      {
        "parameterName": "SwitchIP",
        "dataType": "IPADDRESS",
        "defaultValue": "192.168.5.10",
        "description": null,
        "required": true,
        "notParam": false,
        "paramArray": false,
        "displayName": "IP Address",
        "instructionText": null,
        "group": null,
        "order": 4,
        "customOrder": 0,
        "selection": {
          "selectionType": null,
          "selectionValues": {},
          "defaultSelectedValues": [],
          "id": null
        },
        "range": [],
        "key": null,
        "provider": null,
        "binding": ""
      },
      {
        "parameterName": "Hostname",
        "dataType": "STRING",
        "defaultValue": "ACCESS-c9300-1-ASW",
        "description": null,
        "required": true,
        "notParam": false,
        "paramArray": false,
        "displayName": null,
        "instructionText": null,
        "group": null,
        "order": 1,
        "customOrder": 0,
        "selection": {
          "selectionType": null,
          "selectionValues": {},
          "defaultSelectedValues": [],
          "id": null
        },
        "range": [],
        "key": null,
        "provider": null,
        "binding": ""
      },
      {
        "parameterName": "MgmtVlan",
        "dataType": "INTEGER",
        "defaultValue": "5",
        "description": null,
        "required": true,
        "notParam": false,
        "paramArray": false,
        "displayName": "Management VLAN",
        "instructionText": null,
        "group": null,
        "order": 3,
        "customOrder": 0,
        "selection": {
          "selectionType": null,
          "selectionValues": {},
          "defaultSelectedValues": [],
          "id": null
        },
        "range": [],
        "key": null,
        "provider": null,
        "binding": ""
      },
      {
        "parameterName": "SubnetMask",
        "dataType": "IPADDRESS",
        "defaultValue": "255.255.255.0",
        "description": null,
        "required": true,
        "notParam": false,
        "paramArray": false,
        "displayName": "Subnet Mask",
        "instructionText": null,
        "group": null,
        "order": 5,
        "customOrder": 0,
        "selection": {
          "selectionType": null,
          "selectionValues": {},
          "defaultSelectedValues": [],
          "id": null
        },
        "range": [],
        "key": null,
        "provider": null,
        "binding": ""
      },
      {
        "parameterName": "VtpDomain",
        "dataType": "STRING",
        "defaultValue": "Cisco",
        "description": null,
        "required": true,
        "notParam": false,
        "paramArray": false,
        "displayName": "VTP Domain",
        "instructionText": null,
        "group": null,
        "order": 2,
        "customOrder": 0,
        "selection": {
          "selectionType": null,
          "selectionValues": {},
          "defaultSelectedValues": [],
          "id": null
        },
        "range": [
          {
            "minValue": 0,
            "maxValue": 0,
            "id": null
          }
        ],
        "key": null,
        "provider": null,
        "binding": ""
      },
      {
        "parameterName": "Gateway",
        "dataType": "IPADDRESS",
        "defaultValue": "192.168.5.1",
        "description": null,
        "required": true,
        "notParam": false,
        "paramArray": false,
        "displayName": null,
        "instructionText": null,
        "group": null,
        "order": 6,
        "customOrder": 0,
        "selection": {
          "selectionType": null,
          "selectionValues": {},
          "defaultSelectedValues": [],
          "id": null
        },
        "range": [],
        "key": null,
        "provider": null,
        "binding": ""
      }
    ],
    "rollbackTemplateParams": [],
    "composite": false,
    "containingTemplates": [],
    "language": "VELOCITY",
    "customParamsOrder": false,
    "createTime": 1622220619887,
    "lastUpdateTime": 1622221681885,
    "latestVersionTime": 1622221692534,
    "validationErrors": {
      "templateErrors": [],
      "rollbackTemplateErrors": [],
      "templateId": "a7aa6d78-d81a-4d50-97fa-f718d241aaff"
    },
    "projectAssociated": true,
    "documentDatabase": false
  }
]
