[
  {
    "name": "AAA",
    "description": "",
    "tags": [],
    "deviceTypes": [
      {
        "productFamily": "Switches and Hubs",
        "productSeries": "Cisco Catalyst 9300 Series Switches"
      }
    ],
    "softwareType": "IOS",
    "softwareVariant": "XE",
    "templateContent": "aaa new-model\n!\naaa authentication username-prompt \"Authorized Username:\"\naaa authentication login admin local\naaa authorization console\naaa authorization exec admin local\naaa authentication login admin local-case\naaa authorization exec admin local \n!\nmac address-table notification mac-move\nmac address-table notification threshold\nmac-address-table notification change\n!\n",
    "rollbackTemplateContent": "",
    "templateParams": [],
    "rollbackTemplateParams": [],
    "composite": false,
    "containingTemplates": [],
    "language": "VELOCITY",
    "customParamsOrder": false,
    "createTime": 1622739183253,
    "lastUpdateTime": 1622739203831,
    "latestVersionTime": 1622739210166,
    "validationErrors": {
      "templateErrors": [],
      "rollbackTemplateErrors": [],
      "templateId": "9313b079-0514-47a5-8a9a-b13a0d9aafe8"
    },
    "projectAssociated": true,
    "documentDatabase": false
  }
]