[
  {
    "name": "Automatic Uplink Naming",
    "description": "",
    "tags": [],
    "deviceTypes": [
      {
        "productFamily": "Switches and Hubs",
        "productSeries": "Cisco Catalyst 9300 Series Switches"
      }
    ],
    "softwareType": "IOS",
    "softwareVariant": "XE",
    "templateContent": "##Automated Uplink Description Script\n##This will always ensure the uplink descriptions are correct to upstream\n##Switches within the infrastructure\nevent manager applet update-port\n event neighbor-discovery interface regexp GigabitEthernet.* cdp add\n action 101 regexp \"(Switch|Router)\" \"$_nd_cdp_capabilities_string\"\n action 102 if $_regexp_result eq \"1\"\n action 103  cli command \"enable\"\n action 104  cli command \"config t\"\n action 105  cli command \"interface $_nd_local_intf_name\"\n action 106  regexp \"^([^\\.]+)\\.\" \"$_nd_cdp_entry_name\" match host\n action 107  regexp \"^([^\\.]+)\" \"$_nd_port_id\" match connectedport\n action 108  cli command \"no description\"\n action 109  cli command \"description Uplink to $host - $connectedport\"\n action 110  cli command \"interface port-channel 1\"\n action 111  cli command \"no description\"\n action 112  cli command \"description Uplink to $host\"\n action 113  cli command \"end\"\n action 114  cli command \"write\"\n action 115 end\n!\n",
    "rollbackTemplateContent": "",
    "templateParams": [
      {
        "parameterName": "_nd_local_intf_name",
        "dataType": "STRING",
        "defaultValue": null,
        "description": null,
        "required": false,
        "notParam": true,
        "paramArray": false,
        "displayName": null,
        "instructionText": null,
        "group": null,
        "order": 3,
        "customOrder": 0,
        "selection": {
          "selectionType": null,
          "selectionValues": {},
          "defaultSelectedValues": [],
          "id": null
        },
        "range": [],
        "key": null,
        "provider": null,
        "binding": ""
      },
      {
        "parameterName": "_nd_cdp_capabilities_string",
        "dataType": "STRING",
        "defaultValue": null,
        "description": null,
        "required": false,
        "notParam": true,
        "paramArray": false,
        "displayName": null,
        "instructionText": null,
        "group": null,
        "order": 1,
        "customOrder": 0,
        "selection": {
          "selectionType": null,
          "selectionValues": {},
          "defaultSelectedValues": [],
          "id": null
        },
        "range": [],
        "key": null,
        "provider": null,
        "binding": ""
      },
      {
        "parameterName": "_nd_port_id",
        "dataType": "STRING",
        "defaultValue": null,
        "description": null,
        "required": false,
        "notParam": true,
        "paramArray": false,
        "displayName": null,
        "instructionText": null,
        "group": null,
        "order": 5,
        "customOrder": 0,
        "selection": {
          "selectionType": null,
          "selectionValues": {},
          "defaultSelectedValues": [],
          "id": null
        },
        "range": [],
        "key": null,
        "provider": null,
        "binding": ""
      },
      {
        "parameterName": "_regexp_result",
        "dataType": "STRING",
        "defaultValue": null,
        "description": null,
        "required": false,
        "notParam": true,
        "paramArray": false,
        "displayName": null,
        "instructionText": null,
        "group": null,
        "order": 2,
        "customOrder": 0,
        "selection": {
          "selectionType": null,
          "selectionValues": {},
          "defaultSelectedValues": [],
          "id": null
        },
        "range": [],
        "key": null,
        "provider": null,
        "binding": ""
      },
      {
        "parameterName": "_nd_cdp_entry_name",
        "dataType": "STRING",
        "defaultValue": null,
        "description": null,
        "required": false,
        "notParam": true,
        "paramArray": false,
        "displayName": null,
        "instructionText": null,
        "group": null,
        "order": 4,
        "customOrder": 0,
        "selection": {
          "selectionType": null,
          "selectionValues": {},
          "defaultSelectedValues": [],
          "id": null
        },
        "range": [],
        "key": null,
        "provider": null,
        "binding": ""
      },
      {
        "parameterName": "host",
        "dataType": "STRING",
        "defaultValue": null,
        "description": null,
        "required": false,
        "notParam": true,
        "paramArray": false,
        "displayName": null,
        "instructionText": null,
        "group": null,
        "order": 6,
        "customOrder": 0,
        "selection": {
          "selectionType": null,
          "selectionValues": {},
          "defaultSelectedValues": [],
          "id": null
        },
        "range": [],
        "key": null,
        "provider": null,
        "binding": ""
      },
      {
        "parameterName": "connectedport",
        "dataType": "STRING",
        "defaultValue": null,
        "description": null,
        "required": false,
        "notParam": true,
        "paramArray": false,
        "displayName": null,
        "instructionText": null,
        "group": null,
        "order": 7,
        "customOrder": 0,
        "selection": {
          "selectionType": null,
          "selectionValues": {},
          "defaultSelectedValues": [],
          "id": null
        },
        "range": [],
        "key": null,
        "provider": null,
        "binding": ""
      }
    ],
    "rollbackTemplateParams": [],
    "composite": false,
    "containingTemplates": [],
    "language": "VELOCITY",
    "customParamsOrder": false,
    "createTime": 1622739415952,
    "lastUpdateTime": 1622739489828,
    "latestVersionTime": 1622739495020,
    "validationErrors": {
      "templateErrors": [],
      "rollbackTemplateErrors": [],
      "templateId": "ea6aa201-00d8-49b7-a25a-47a284f25978"
    },
    "projectAssociated": true,
    "documentDatabase": false
  }
]