[
  {
    "name": "DisableHttpHttpsServices-J2",
    "description": "Disables HTTP and HTTPS services on a IOS-XE device",
    "tags": [],
    "author": "admin",
    "deviceTypes": [
      {
        "productFamily": "Switches and Hubs"
      }
    ],
    "softwareType": "IOS",
    "softwareVariant": "XE",
    "templateContent": "{# Disable HTTP and HTTPS access #}\n{% macro DisableHttpHttps() %}\n  no ip http server\n  no ip http secure-server\n{% endmacro %}\n\n{# The below example uses the macro above #}\n{{ DisableHttpHttps() }}\n",
    "rollbackTemplateContent": "",
    "templateParams": [],
    "rollbackTemplateParams": [],
    "composite": false,
    "containingTemplates": [],
    "language": "JINJA",
    "promotedTemplateContent": "{# Disable HTTP and HTTPS access #}\n{% macro DisableHttpHttps() %}\n  no ip http server\n  no ip http secure-server\n{% endmacro %}\n\n{# The below example uses the macro above #}\n{{ DisableHttpHttps() }}\n",
    "promotedTemplateParams": [],
    "customParamsOrder": false,
    "createTime": 1698787066630,
    "lastUpdateTime": 1698787567592,
    "latestVersionTime": 1698787616875,
    "validationErrors": {
      "templateErrors": [
        {
          "type": "POTENTIAL_CONFLICT",
          "lineNumber": 3,
          "message": "This command is reserved to be used by Cisco DNA Center"
        },
        {
          "type": "POTENTIAL_CONFLICT",
          "lineNumber": 4,
          "message": "This command is reserved to be used by Cisco DNA Center"
        }
      ],
      "rollbackTemplateErrors": [],
      "templateId": "880b76e0-0c7b-43c9-a339-5797bac9329a",
      "templateVersion": null
    },
    "noOfConflicts": 2,
    "documentDatabase": false,
    "projectAssociated": true
  }
]