[
  {
    "name": "Lab DayN",
    "tags": [],
    "templates": [
      {
        "name": "DNAC Lab Day N Test",
        "description": "",
        "tags": [],
        "deviceTypes": [
          {
            "productFamily": "Switches and Hubs",
            "productSeries": "Cisco Catalyst 9300 Series Switches"
          }
        ],
        "softwareType": "IOS",
        "softwareVariant": "XE",
        "templateContent": "",
        "rollbackTemplateContent": "",
        "templateParams": [],
        "rollbackTemplateParams": [],
        "composite": true,
        "containingTemplates": [
          {
            "name": "AAA",
            "composite": false,
            "language": "VELOCITY",
            "description": "",
            "projectName": "Lab DayN"
          },
          {
            "name": "Access Lists",
            "composite": false,
            "language": "VELOCITY",
            "description": "",
            "projectName": "Lab DayN"
          },
          {
            "name": "System Management",
            "composite": false,
            "language": "VELOCITY",
            "description": "",
            "projectName": "Lab DayN"
          },
          {
            "name": "Local User Management",
            "composite": false,
            "language": "VELOCITY",
            "description": "",
            "projectName": "Lab DayN"
          },
          {
            "name": "Stacking",
            "composite": false,
            "language": "VELOCITY",
            "description": "",
            "projectName": "Lab DayN"
          },
          {
            "name": "VLANs Ports per TR",
            "composite": false,
            "language": "VELOCITY",
            "description": "",
            "projectName": "Lab DayN"
          },
          {
            "name": "Automatic Uplink Naming",
            "composite": false,
            "language": "VELOCITY",
            "description": "",
            "projectName": "Lab DayN"
          }
        ],
        "failurePolicy": "CONTINUE_ON_ERROR",
        "language": "VELOCITY",
        "promotedTemplateContent": "[{\"name\":\"AAA\",\"id\":\"a6f2c6d1-3a9a-42f0-85f2-d79d67d9c920\",\"composite\":false,\"language\":\"VELOCITY\",\"description\":\"\"},{\"name\":\"Access Lists\",\"id\":\"7e027996-9b5e-4c36-9ef2-a21e1599c83a\",\"composite\":false,\"language\":\"VELOCITY\",\"description\":\"\"},{\"name\":\"System Management\",\"id\":\"f9289801-4ebb-4f95-9ca5-07a3a8517f32\",\"composite\":false,\"language\":\"VELOCITY\",\"description\":\"\"},{\"name\":\"Local User Management\",\"id\":\"2cb2c2ab-57e9-467e-8f52-c8f01e690d68\",\"composite\":false,\"language\":\"VELOCITY\",\"description\":\"\"},{\"name\":\"Stacking\",\"id\":\"5f9f3a67-17f0-4fbb-be2b-ed33db1d8143\",\"composite\":false,\"language\":\"VELOCITY\",\"description\":\"\"},{\"name\":\"VLANs Ports per TR\",\"id\":\"a806b250-8045-4507-b672-1d0d14e6b270\",\"composite\":false,\"language\":\"VELOCITY\",\"description\":\"\"},{\"name\":\"Automatic Uplink Naming\",\"id\":\"bbdb93c9-7510-463a-86f5-a8a4732b87ab\",\"composite\":false,\"language\":\"VELOCITY\",\"description\":\"\"}]",
        "promotedTemplateParams": [],
        "customParamsOrder": false,
        "createTime": 1621719471098,
        "lastUpdateTime": 1621724380853,
        "latestVersionTime": 1621724380997,
        "projectName": "Lab DayN",
        "validationErrors": {
          "templateErrors": [],
          "rollbackTemplateErrors": [],
          "templateId": "88efdcd6-3afa-4a34-91d8-abd544e2ed23",
          "templateVersion": null
        },
        "projectAssociated": true,
        "documentDatabase": false
      },
      {
        "name": "Local User Management",
        "description": "",
        "tags": [],
        "deviceTypes": [
          {
            "productFamily": "Switches and Hubs",
            "productSeries": "Cisco Catalyst 9300 Series Switches"
          }
        ],
        "softwareType": "IOS",
        "softwareVariant": "XE",
        "templateContent": "## Replace all \"$\" in passwords with ${d} to avoid all $ being variables\n## #set ($d = \"$\")\nusername demouser1 secret C1sco12345\nusername demouser2 secret C1sco12345\n",
        "rollbackTemplateContent": "",
        "templateParams": [],
        "rollbackTemplateParams": [],
        "composite": false,
        "containingTemplates": [],
        "language": "VELOCITY",
        "promotedTemplateContent": "## Replace all \"$\" in passwords with ${d} to avoid all $ being variables\n## #set ($d = \"$\")\nusername demouser1 secret C1sco12345\nusername demouser2 secret C1sco12345\n",
        "promotedTemplateParams": [],
        "customParamsOrder": false,
        "createTime": 1621719469387,
        "lastUpdateTime": 1621724772302,
        "latestVersionTime": 1621724776107,
        "projectName": "Lab DayN",
        "validationErrors": {
          "templateErrors": [],
          "rollbackTemplateErrors": [],
          "templateId": "2cb2c2ab-57e9-467e-8f52-c8f01e690d68",
          "templateVersion": null
        },
        "projectAssociated": true,
        "documentDatabase": false
      },
      {
        "name": "Automatic Uplink Naming",
        "description": "",
        "tags": [],
        "deviceTypes": [
          {
            "productFamily": "Switches and Hubs",
            "productSeries": "Cisco Catalyst 9300 Series Switches"
          }
        ],
        "softwareType": "IOS",
        "softwareVariant": "XE",
        "templateContent": "##Automated Uplink Description Script\n##This will always ensure the uplink descriptions are correct to upstream\n##Switches within the infrastructure\nevent manager applet update-port\n event neighbor-discovery interface regexp TenGigabitEthernet.* cdp add\n action 101 regexp \"(Switch|Router)\" \"$_nd_cdp_capabilities_string\"\n action 102 if $_regexp_result eq \"1\"\n action 103  cli command \"enable\"\n action 104  cli command \"config t\"\n action 105  cli command \"interface $_nd_local_intf_name\"\n action 106  regexp \"^([^\\.]+)\\.\" \"$_nd_cdp_entry_name\" match host\n action 107  regexp \"^([^\\.]+)\" \"$_nd_port_id\" match connectedport\n action 108  cli command \"no description\"\n action 109  cli command \"description Uplink to $host - $connectedport\"\n action 110  cli command \"interface port-channel 1\"\n action 111  cli command \"no description\"\n action 112  cli command \"description Uplink to $host\"\n action 113  cli command \"end\"\n action 114  cli command \"write\"\n action 115 end\n!",
        "rollbackTemplateContent": "",
        "templateParams": [
          {
            "parameterName": "host",
            "dataType": "STRING",
            "defaultValue": null,
            "description": null,
            "required": false,
            "notParam": true,
            "paramArray": false,
            "displayName": null,
            "instructionText": null,
            "group": null,
            "order": 6,
            "customOrder": 6,
            "selection": {
              "selectionType": null,
              "selectionValues": {},
              "defaultSelectedValues": [],
              "id": null
            },
            "range": [],
            "key": null,
            "provider": null,
            "binding": ""
          },
          {
            "parameterName": "_nd_cdp_capabilities_string",
            "dataType": "STRING",
            "defaultValue": null,
            "description": null,
            "required": false,
            "notParam": true,
            "paramArray": false,
            "displayName": null,
            "instructionText": null,
            "group": null,
            "order": 1,
            "customOrder": 1,
            "selection": {
              "selectionType": null,
              "selectionValues": {},
              "defaultSelectedValues": [],
              "id": null
            },
            "range": [],
            "key": null,
            "provider": null,
            "binding": ""
          },
          {
            "parameterName": "connectedport",
            "dataType": "STRING",
            "defaultValue": null,
            "description": null,
            "required": false,
            "notParam": true,
            "paramArray": false,
            "displayName": null,
            "instructionText": null,
            "group": null,
            "order": 7,
            "customOrder": 7,
            "selection": {
              "selectionType": null,
              "selectionValues": {},
              "defaultSelectedValues": [],
              "id": null
            },
            "range": [],
            "key": null,
            "provider": null,
            "binding": ""
          },
          {
            "parameterName": "_regexp_result",
            "dataType": "STRING",
            "defaultValue": null,
            "description": null,
            "required": false,
            "notParam": true,
            "paramArray": false,
            "displayName": null,
            "instructionText": null,
            "group": null,
            "order": 2,
            "customOrder": 2,
            "selection": {
              "selectionType": null,
              "selectionValues": {},
              "defaultSelectedValues": [],
              "id": null
            },
            "range": [],
            "key": null,
            "provider": null,
            "binding": ""
          },
          {
            "parameterName": "_nd_port_id",
            "dataType": "STRING",
            "defaultValue": null,
            "description": null,
            "required": false,
            "notParam": true,
            "paramArray": false,
            "displayName": null,
            "instructionText": null,
            "group": null,
            "order": 5,
            "customOrder": 5,
            "selection": {
              "selectionType": null,
              "selectionValues": {},
              "defaultSelectedValues": [],
              "id": null
            },
            "range": [],
            "key": null,
            "provider": null,
            "binding": ""
          },
          {
            "parameterName": "_nd_local_intf_name",
            "dataType": "STRING",
            "defaultValue": null,
            "description": null,
            "required": false,
            "notParam": true,
            "paramArray": false,
            "displayName": null,
            "instructionText": null,
            "group": null,
            "order": 3,
            "customOrder": 3,
            "selection": {
              "selectionType": null,
              "selectionValues": {},
              "defaultSelectedValues": [],
              "id": null
            },
            "range": [],
            "key": null,
            "provider": null,
            "binding": ""
          },
          {
            "parameterName": "_nd_cdp_entry_name",
            "dataType": "STRING",
            "defaultValue": null,
            "description": null,
            "required": false,
            "notParam": true,
            "paramArray": false,
            "displayName": null,
            "instructionText": null,
            "group": null,
            "order": 4,
            "customOrder": 4,
            "selection": {
              "selectionType": null,
              "selectionValues": {},
              "defaultSelectedValues": [],
              "id": null
            },
            "range": [],
            "key": null,
            "provider": null,
            "binding": ""
          }
        ],
        "rollbackTemplateParams": [],
        "composite": false,
        "containingTemplates": [],
        "language": "VELOCITY",
        "promotedTemplateContent": "##Automated Uplink Description Script\n##This will always ensure the uplink descriptions are correct to upstream\n##Switches within the infrastructure\nevent manager applet update-port\n event neighbor-discovery interface regexp TenGigabitEthernet.* cdp add\n action 101 regexp \"(Switch|Router)\" \"$_nd_cdp_capabilities_string\"\n action 102 if $_regexp_result eq \"1\"\n action 103  cli command \"enable\"\n action 104  cli command \"config t\"\n action 105  cli command \"interface $_nd_local_intf_name\"\n action 106  regexp \"^([^\\.]+)\\.\" \"$_nd_cdp_entry_name\" match host\n action 107  regexp \"^([^\\.]+)\" \"$_nd_port_id\" match connectedport\n action 108  cli command \"no description\"\n action 109  cli command \"description Uplink to $host - $connectedport\"\n action 110  cli command \"interface port-channel 1\"\n action 111  cli command \"no description\"\n action 112  cli command \"description Uplink to $host\"\n action 113  cli command \"end\"\n action 114  cli command \"write\"\n action 115 end\n!",
        "promotedTemplateParams": [
          {
            "parameterName": "_nd_cdp_entry_name",
            "dataType": "STRING",
            "defaultValue": null,
            "description": null,
            "required": false,
            "notParam": true,
            "paramArray": false,
            "displayName": null,
            "instructionText": null,
            "group": null,
            "order": 4,
            "customOrder": 4,
            "selection": {
              "selectionType": null,
              "selectionValues": {},
              "defaultSelectedValues": [],
              "id": null
            },
            "range": [],
            "key": null,
            "provider": null,
            "binding": "",
            "id": null
          },
          {
            "parameterName": "_nd_port_id",
            "dataType": "STRING",
            "defaultValue": null,
            "description": null,
            "required": false,
            "notParam": true,
            "paramArray": false,
            "displayName": null,
            "instructionText": null,
            "group": null,
            "order": 5,
            "customOrder": 5,
            "selection": {
              "selectionType": null,
              "selectionValues": {},
              "defaultSelectedValues": [],
              "id": null
            },
            "range": [],
            "key": null,
            "provider": null,
            "binding": "",
            "id": null
          },
          {
            "parameterName": "_regexp_result",
            "dataType": "STRING",
            "defaultValue": null,
            "description": null,
            "required": false,
            "notParam": true,
            "paramArray": false,
            "displayName": null,
            "instructionText": null,
            "group": null,
            "order": 2,
            "customOrder": 2,
            "selection": {
              "selectionType": null,
              "selectionValues": {},
              "defaultSelectedValues": [],
              "id": null
            },
            "range": [],
            "key": null,
            "provider": null,
            "binding": "",
            "id": null
          },
          {
            "parameterName": "host",
            "dataType": "STRING",
            "defaultValue": null,
            "description": null,
            "required": false,
            "notParam": true,
            "paramArray": false,
            "displayName": null,
            "instructionText": null,
            "group": null,
            "order": 6,
            "customOrder": 6,
            "selection": {
              "selectionType": null,
              "selectionValues": {},
              "defaultSelectedValues": [],
              "id": null
            },
            "range": [],
            "key": null,
            "provider": null,
            "binding": "",
            "id": null
          },
          {
            "parameterName": "_nd_cdp_capabilities_string",
            "dataType": "STRING",
            "defaultValue": null,
            "description": null,
            "required": false,
            "notParam": true,
            "paramArray": false,
            "displayName": null,
            "instructionText": null,
            "group": null,
            "order": 1,
            "customOrder": 1,
            "selection": {
              "selectionType": null,
              "selectionValues": {},
              "defaultSelectedValues": [],
              "id": null
            },
            "range": [],
            "key": null,
            "provider": null,
            "binding": "",
            "id": null
          },
          {
            "parameterName": "_nd_local_intf_name",
            "dataType": "STRING",
            "defaultValue": null,
            "description": null,
            "required": false,
            "notParam": true,
            "paramArray": false,
            "displayName": null,
            "instructionText": null,
            "group": null,
            "order": 3,
            "customOrder": 3,
            "selection": {
              "selectionType": null,
              "selectionValues": {},
              "defaultSelectedValues": [],
              "id": null
            },
            "range": [],
            "key": null,
            "provider": null,
            "binding": "",
            "id": null
          },
          {
            "parameterName": "connectedport",
            "dataType": "STRING",
            "defaultValue": null,
            "description": null,
            "required": false,
            "notParam": true,
            "paramArray": false,
            "displayName": null,
            "instructionText": null,
            "group": null,
            "order": 7,
            "customOrder": 7,
            "selection": {
              "selectionType": null,
              "selectionValues": {},
              "defaultSelectedValues": [],
              "id": null
            },
            "range": [],
            "key": null,
            "provider": null,
            "binding": "",
            "id": null
          }
        ],
        "customParamsOrder": false,
        "createTime": 1621719469306,
        "lastUpdateTime": 1621724380392,
        "latestVersionTime": 1621724380669,
        "projectName": "Lab DayN",
        "validationErrors": {
          "templateErrors": [],
          "rollbackTemplateErrors": [],
          "templateId": "bbdb93c9-7510-463a-86f5-a8a4732b87ab",
          "templateVersion": null
        },
        "projectAssociated": true,
        "documentDatabase": false
      },
      {
        "name": "AAA",
        "description": "",
        "tags": [],
        "deviceTypes": [
          {
            "productFamily": "Switches and Hubs",
            "productSeries": "Cisco Catalyst 9300 Series Switches"
          }
        ],
        "softwareType": "IOS",
        "softwareVariant": "XE",
        "templateContent": "aaa new-model\n!\naaa authentication username-prompt \"Authorized Username:\"\naaa authentication login admin local\naaa authorization console\naaa authorization exec admin local\naaa authentication login admin local-case\naaa authorization exec admin local \n!\nmac address-table notification mac-move\nmac address-table notification threshold\nmac-address-table notification change\n!\n",
        "rollbackTemplateContent": "",
        "templateParams": [],
        "rollbackTemplateParams": [],
        "composite": false,
        "containingTemplates": [],
        "language": "VELOCITY",
        "promotedTemplateContent": "aaa new-model\n!\naaa authentication username-prompt \"Authorized Username:\"\naaa authentication login admin local\naaa authorization console\naaa authorization exec admin local\naaa authentication login admin local-case\naaa authorization exec admin local \n!\nmac address-table notification mac-move\nmac address-table notification threshold\nmac-address-table notification change\n!\n",
        "promotedTemplateParams": [],
        "customParamsOrder": false,
        "createTime": 1621719469808,
        "lastUpdateTime": 1621724602034,
        "latestVersionTime": 1621724607410,
        "projectName": "Lab DayN",
        "validationErrors": {
          "templateErrors": [],
          "rollbackTemplateErrors": [],
          "templateId": "a6f2c6d1-3a9a-42f0-85f2-d79d67d9c920",
          "templateVersion": null
        },
        "projectAssociated": true,
        "documentDatabase": false
      },
      {
        "name": "VLANs Ports per TR",
        "description": "",
        "tags": [],
        "deviceTypes": [
          {
            "productFamily": "Switches and Hubs",
            "productSeries": "Cisco Catalyst 9300 Series Switches"
          }
        ],
        "softwareType": "IOS",
        "softwareVariant": "XE",
        "templateContent": "##Stack information variables\n#set( $StackPIDs = $ProductID.split(\",\") )\n#set( $StackMemberCount = $StackPIDs.size() )\n#set( $PortTotal = [] )\n#set( $offset = $StackMemberCount - 1 )\n#foreach( $Switch in [0..$offset] )\n  #set( $Model = $StackPIDs[$Switch])\n  #set( $PortCount = $Model.replaceAll(\"C9300L?-([2|4][4|8]).*\",\"$1\") )\n  #set( $foo = $PortTotal.add($PortCount) )\n#end\n!\n## VLANs per MDF\n#set( $data_vlan_number = 200 + ${MDF} )\n#set( $voice_vlan_number = 300 + ${MDF} )\n#set( $ap_vlan_number = 400 + ${MDF} )\n#set( $guest_vlan_number = 500 + ${MDF} )\n#set( $bh_vlan_number = 999 )\n!\n!\nvlan ${data_vlan_number}\n name data\nvlan ${voice_vlan_number}\n name voice\nvlan ${ap_vlan_number}\n name accesspoint\nvlan ${guest_vlan_number}\n name guest\nvlan ${bh_vlan_number}\n name disabled\n!\ndevice-tracking upgrade-cli force\n!\ndevice-tracking policy IPDT_MAX_10\n limit address-count 10\n no protocol udp\n tracking enable\n!\n##Macros\n## Use Bind to Source variable to select access interfaces \n#macro( access_interface )\n  description Workstation\n  switchport access vlan ${data_vlan_number}\n  switchport mode access\n  switchport voice vlan ${voice_vlan_number}\n  switchport port-security maximum 3\n  switchport port-security\n  spanning-tree portfast\n  spanning-tree bpduguard enable\n#end\n!\n#macro( uplink_interface )\n    switchport trunk allowed vlan add $data_vlan_number, $voice_vlan_number, $ap_vlan_number, $guest_vlan_number, $bh_vlan_number\n#end\n!\n##Access Port Configuration\n#foreach( $Switch in [0..$offset] )\n  #set( $SwiNum = $Switch + 1 )\n  interface range gi ${SwiNum}/0/1 - 9, gi ${SwiNum}/0/12 - $PortTotal[$Switch]\n    #access_interface\n#end\n!\n##Uplink Port Configuration\ninterface portchannel 1\n #uplink_interface\n!\n\n\n\n  \n",
        "rollbackTemplateContent": "",
        "templateParams": [
          {
            "parameterName": "MDF",
            "dataType": "INTEGER",
            "defaultValue": "01",
            "description": null,
            "required": true,
            "notParam": false,
            "paramArray": false,
            "displayName": null,
            "instructionText": null,
            "group": null,
            "order": 2,
            "customOrder": 0,
            "selection": {
              "selectionType": null,
              "selectionValues": {},
              "defaultSelectedValues": [],
              "id": null
            },
            "range": [],
            "key": null,
            "provider": null,
            "binding": ""
          },
          {
            "parameterName": "ProductID",
            "dataType": "STRING",
            "defaultValue": null,
            "description": null,
            "required": true,
            "notParam": false,
            "paramArray": false,
            "displayName": "Switch Product ID",
            "instructionText": null,
            "group": null,
            "order": 1,
            "customOrder": 1,
            "selection": {
              "selectionType": "SINGLE_SELECT",
              "selectionValues": {},
              "defaultSelectedValues": [],
              "id": null
            },
            "range": [],
            "key": null,
            "provider": null,
            "binding": "{\"provider\":\"Inventory\",\"attributeToDisplay\":\"managementIpAddress\",\"params\":[{\"type\":\"MANAGED_DEVICE_UUID\",\"scope\":\"RUNTIME\",\"value\":null},{\"type\":\"MANAGED_DEVICE_IP\",\"scope\":\"RUNTIME\",\"value\":null},{\"type\":\"MANAGED_DEVICE_HOSTNAME\",\"scope\":\"RUNTIME\",\"value\":null}],\"value\":null,\"source\":\"Inventory\",\"entity\":\"Device\",\"attribute\":\"platformId\",\"filterType\":\"\",\"filterValue\":\"\",\"filterByAttribute\":\"\"}"
          }
        ],
        "rollbackTemplateParams": [],
        "composite": false,
        "containingTemplates": [],
        "language": "VELOCITY",
        "promotedTemplateContent": "##Stack information variables\n#set( $StackPIDs = $ProductID.split(\",\") )\n#set( $StackMemberCount = $StackPIDs.size() )\n#set( $PortTotal = [] )\n#set( $offset = $StackMemberCount - 1 )\n#foreach( $Switch in [0..$offset] )\n  #set( $Model = $StackPIDs[$Switch])\n  #set( $PortCount = $Model.replaceAll(\"C9300L?-([2|4][4|8]).*\",\"$1\") )\n  #set( $foo = $PortTotal.add($PortCount) )\n#end\n!\n## VLANs per MDF\n#set( $data_vlan_number = 200 + ${MDF} )\n#set( $voice_vlan_number = 300 + ${MDF} )\n#set( $ap_vlan_number = 400 + ${MDF} )\n#set( $guest_vlan_number = 500 + ${MDF} )\n#set( $bh_vlan_number = 999 )\n!\n!\nvlan ${data_vlan_number}\n name data\nvlan ${voice_vlan_number}\n name voice\nvlan ${ap_vlan_number}\n name accesspoint\nvlan ${guest_vlan_number}\n name guest\nvlan ${bh_vlan_number}\n name disabled\n!\ndevice-tracking upgrade-cli force\n!\ndevice-tracking policy IPDT_MAX_10\n limit address-count 10\n no protocol udp\n tracking enable\n!\n##Macros\n## Use Bind to Source variable to select access interfaces \n#macro( access_interface )\n  description Workstation\n  switchport access vlan ${data_vlan_number}\n  switchport mode access\n  switchport voice vlan ${voice_vlan_number}\n  switchport port-security maximum 3\n  switchport port-security\n  spanning-tree portfast\n  spanning-tree bpduguard enable\n#end\n!\n#macro( uplink_interface )\n    switchport trunk allowed vlan add $data_vlan_number, $voice_vlan_number, $ap_vlan_number, $guest_vlan_number, $bh_vlan_number\n#end\n!\n##Access Port Configuration\n#foreach( $Switch in [0..$offset] )\n  #set( $SwiNum = $Switch + 1 )\n  interface range gi ${SwiNum}/0/1 - 9, gi ${SwiNum}/0/12 - $PortTotal[$Switch]\n    #access_interface\n#end\n!\n##Uplink Port Configuration\ninterface portchannel 1\n #uplink_interface\n!\n\n\n\n  \n",
        "promotedTemplateParams": [
          {
            "parameterName": "ProductID",
            "dataType": "STRING",
            "defaultValue": null,
            "description": null,
            "required": true,
            "notParam": false,
            "paramArray": false,
            "displayName": "Switch Product ID",
            "instructionText": null,
            "group": null,
            "order": 1,
            "customOrder": 1,
            "selection": {
              "selectionType": "SINGLE_SELECT",
              "selectionValues": {},
              "defaultSelectedValues": [],
              "id": null
            },
            "range": [],
            "key": null,
            "provider": null,
            "binding": "{\"provider\":\"Inventory\",\"attributeToDisplay\":\"managementIpAddress\",\"params\":[{\"type\":\"MANAGED_DEVICE_UUID\",\"scope\":\"RUNTIME\",\"value\":null},{\"type\":\"MANAGED_DEVICE_IP\",\"scope\":\"RUNTIME\",\"value\":null},{\"type\":\"MANAGED_DEVICE_HOSTNAME\",\"scope\":\"RUNTIME\",\"value\":null}],\"value\":null,\"source\":\"Inventory\",\"entity\":\"Device\",\"attribute\":\"platformId\",\"filterType\":\"\",\"filterValue\":\"\",\"filterByAttribute\":\"\"}",
            "id": null
          },
          {
            "parameterName": "MDF",
            "dataType": "INTEGER",
            "defaultValue": "01",
            "description": null,
            "required": true,
            "notParam": false,
            "paramArray": false,
            "displayName": null,
            "instructionText": null,
            "group": null,
            "order": 2,
            "customOrder": 0,
            "selection": {
              "selectionType": null,
              "selectionValues": {},
              "defaultSelectedValues": [],
              "id": null
            },
            "range": [],
            "key": null,
            "provider": null,
            "binding": "",
            "id": null
          }
        ],
        "customParamsOrder": false,
        "createTime": 1621719469505,
        "lastUpdateTime": 1621725559874,
        "latestVersionTime": 1621725568613,
        "projectName": "Lab DayN",
        "validationErrors": {
          "templateErrors": [],
          "rollbackTemplateErrors": [],
          "templateId": "a806b250-8045-4507-b672-1d0d14e6b270",
          "templateVersion": null
        },
        "projectAssociated": true,
        "documentDatabase": false
      },
      {
        "name": "Stacking",
        "description": "",
        "tags": [],
        "deviceTypes": [
          {
            "productFamily": "Switches and Hubs",
            "productSeries": "Cisco Catalyst 9300 Series Switches"
          }
        ],
        "softwareType": "IOS",
        "softwareVariant": "XE",
        "templateContent": "## 9300 Stack Power and Priority\n##Variables\n#set( $StackCount = $Serial.split(\",\") )\n#set( $StackMemberCount = $StackCount.size() )\n!\n##Stacking Commands\n#if( $StackMemberCount > 1 )\n   stack-power stack Powerstack1\n   mode redundant strict\n   #if( $StackMemberCount > 4 )\n      stack-power stack Powerstack2\n      mode redundant strict\n   #end\n   #foreach( $Switch in [1..$StackMemberCount] )\n      #if( $Switch < 5 )\n         stack-power switch ${Switch}\n         stack Powerstack1\n      #elseif( $Switch > 4 )\n         stack-power switch ${Switch}\n         stack Powerstack2\n      #end\n    #end\n    #MODE_ENABLE\n    #MODE_END_ENABLE\n    #MODE_ENABLE\n    #foreach( $Switch in [1..$StackMemberCount] )\n       #if($Switch == 1)\n          switch $Switch priority 10\n       #elseif($Switch == 2)\n          switch $Switch priority 9\n       #else\n          switch $Switch priority 8\n       #end \n    #end\n    #MODE_END_ENABLE\n#end\n",
        "rollbackTemplateContent": "",
        "templateParams": [
          {
            "parameterName": "Serial",
            "dataType": "STRING",
            "defaultValue": null,
            "description": null,
            "required": true,
            "notParam": false,
            "paramArray": false,
            "displayName": null,
            "instructionText": null,
            "group": null,
            "order": 1,
            "customOrder": 1,
            "selection": {
              "selectionType": "SINGLE_SELECT",
              "selectionValues": {},
              "defaultSelectedValues": [],
              "id": null
            },
            "range": [],
            "key": null,
            "provider": null,
            "binding": "{\"provider\":\"Inventory\",\"attributeToDisplay\":\"managementIpAddress\",\"variableName\":\"Serial\",\"params\":[{\"type\":\"MANAGED_DEVICE_UUID\",\"scope\":\"RUNTIME\",\"value\":null},{\"type\":\"MANAGED_DEVICE_IP\",\"scope\":\"RUNTIME\",\"value\":null},{\"type\":\"MANAGED_DEVICE_HOSTNAME\",\"scope\":\"RUNTIME\",\"value\":null}],\"value\":null,\"source\":\"Inventory\",\"entity\":\"Device\",\"attribute\":\"serialNumber\"}"
          }
        ],
        "rollbackTemplateParams": [],
        "composite": false,
        "containingTemplates": [],
        "language": "VELOCITY",
        "promotedTemplateContent": "## 9300 Stack Power and Priority\n##Variables\n#set( $StackCount = $Serial.split(\",\") )\n#set( $StackMemberCount = $StackCount.size() )\n!\n##Stacking Commands\n#if( $StackMemberCount > 1 )\n   stack-power stack Powerstack1\n   mode redundant strict\n   #if( $StackMemberCount > 4 )\n      stack-power stack Powerstack2\n      mode redundant strict\n   #end\n   #foreach( $Switch in [1..$StackMemberCount] )\n      #if( $Switch < 5 )\n         stack-power switch ${Switch}\n         stack Powerstack1\n      #elseif( $Switch > 4 )\n         stack-power switch ${Switch}\n         stack Powerstack2\n      #end\n    #end\n    #MODE_ENABLE\n    #MODE_END_ENABLE\n    #MODE_ENABLE\n    #foreach( $Switch in [1..$StackMemberCount] )\n       #if($Switch == 1)\n          switch $Switch priority 10\n       #elseif($Switch == 2)\n          switch $Switch priority 9\n       #else\n          switch $Switch priority 8\n       #end \n    #end\n    #MODE_END_ENABLE\n#end\n",
        "promotedTemplateParams": [
          {
            "parameterName": "Serial",
            "dataType": "STRING",
            "defaultValue": null,
            "description": null,
            "required": true,
            "notParam": false,
            "paramArray": false,
            "displayName": null,
            "instructionText": null,
            "group": null,
            "order": 1,
            "customOrder": 1,
            "selection": {
              "selectionType": "SINGLE_SELECT",
              "selectionValues": {},
              "defaultSelectedValues": [],
              "id": null
            },
            "range": [],
            "key": null,
            "provider": null,
            "binding": "{\"provider\":\"Inventory\",\"attributeToDisplay\":\"managementIpAddress\",\"variableName\":\"Serial\",\"params\":[{\"type\":\"MANAGED_DEVICE_UUID\",\"scope\":\"RUNTIME\",\"value\":null},{\"type\":\"MANAGED_DEVICE_IP\",\"scope\":\"RUNTIME\",\"value\":null},{\"type\":\"MANAGED_DEVICE_HOSTNAME\",\"scope\":\"RUNTIME\",\"value\":null}],\"value\":null,\"source\":\"Inventory\",\"entity\":\"Device\",\"attribute\":\"serialNumber\"}",
            "id": null
          }
        ],
        "customParamsOrder": false,
        "createTime": 1621719469427,
        "lastUpdateTime": 1621724380492,
        "latestVersionTime": 1621724380711,
        "projectName": "Lab DayN",
        "validationErrors": {
          "templateErrors": [],
          "rollbackTemplateErrors": [],
          "templateId": "5f9f3a67-17f0-4fbb-be2b-ed33db1d8143",
          "templateVersion": null
        },
        "projectAssociated": true,
        "documentDatabase": false
      },
      {
        "name": "Access Lists",
        "description": "",
        "tags": [],
        "deviceTypes": [
          {
            "productFamily": "Switches and Hubs",
            "productSeries": "Cisco Catalyst 9300 Series Switches"
          }
        ],
        "softwareType": "IOS",
        "softwareVariant": "XE",
        "templateContent": "## ACL list for switch access and SNMP\nip access-list standard 12\n 10 permit 198.18.129,0 0.0.0.255\n 20 permit 198.18.133,0 0.0.0.255\n 30 permit 198.18.134,0 0.0.0.255\n 40 permit 198.18.135,0 0.0.0.255\n 50 permit 198.18.136,0 0.0.0.255\n 60 permit 198.18.137,0 0.0.0.255\nip access-list standard 13\n 10 permit 198.18.129,0 0.0.0.255\n 20 permit 198.18.133,0 0.0.0.255\n 30 permit 198.18.134,0 0.0.0.255\n 40 permit 198.18.135,0 0.0.0.255\n 50 permit 198.18.136,0 0.0.0.255\n 60 permit 198.18.137,0 0.0.0.255\n",
        "rollbackTemplateContent": "",
        "templateParams": [],
        "rollbackTemplateParams": [],
        "composite": false,
        "containingTemplates": [],
        "language": "VELOCITY",
        "promotedTemplateContent": "## ACL list for switch access and SNMP\nip access-list standard 12\n 10 permit 198.18.129,0 0.0.0.255\n 20 permit 198.18.133,0 0.0.0.255\n 30 permit 198.18.134,0 0.0.0.255\n 40 permit 198.18.135,0 0.0.0.255\n 50 permit 198.18.136,0 0.0.0.255\n 60 permit 198.18.137,0 0.0.0.255\nip access-list standard 13\n 10 permit 198.18.129,0 0.0.0.255\n 20 permit 198.18.133,0 0.0.0.255\n 30 permit 198.18.134,0 0.0.0.255\n 40 permit 198.18.135,0 0.0.0.255\n 50 permit 198.18.136,0 0.0.0.255\n 60 permit 198.18.137,0 0.0.0.255\n",
        "promotedTemplateParams": [],
        "customParamsOrder": false,
        "createTime": 1621719469696,
        "lastUpdateTime": 1621724711664,
        "latestVersionTime": 1621724715520,
        "projectName": "Lab DayN",
        "validationErrors": {
          "templateErrors": [],
          "rollbackTemplateErrors": [],
          "templateId": "7e027996-9b5e-4c36-9ef2-a21e1599c83a",
          "templateVersion": null
        },
        "projectAssociated": true,
        "documentDatabase": false
      },
      {
        "name": "System Management",
        "description": "",
        "tags": [],
        "deviceTypes": [
          {
            "productFamily": "Switches and Hubs",
            "productSeries": "Cisco Catalyst 9300 Series Switches"
          }
        ],
        "softwareType": "IOS",
        "softwareVariant": "XE",
        "templateContent": "## System Management for Cat9k Only\nno service pad\nservice tcp-keepalives-in\nservice tcp-keepalives-out\nservice timestamps debug datetime msec localtime show-timezone\nservice timestamps log datetime msec show-timezone\nservice password-encryption\nservice sequence-numbers\n!\nip subnet-zero\nip dhcp snooping\n!\nlldp run\n!\nport-channel load-balance src-dst-ip\n!\nspanning-tree mode rapid-pvst\nspanning-tree portfast default\nspanning-tree portfast bpduguard default\n!\nerrdisable recovery cause all\nerrdisable recovery interval 30\n!\nip tftp blocksize 8184\n!\nudld enable\n!\nlogging buffered 64000 debug\nno logging console\nlogging trap notifications\n!\nsnmp-server contact Network Campus\nsnmp-server location ${location}\n!\nline con 0\n exec-timeout 15 0\n login authentication admin\n logging synchronous\n authorization exec admin\nline vty 0 15\n access-class 12 in\n exec-timeout 15 0\n login authentication admin\n logging synchronous\n authorization exec admin\n transport input ssh",
        "rollbackTemplateContent": "",
        "templateParams": [
          {
            "parameterName": "location",
            "dataType": "STRING",
            "defaultValue": null,
            "description": "Site/Location Designator or Building Address/Location Designator",
            "required": true,
            "notParam": false,
            "paramArray": false,
            "displayName": "Location",
            "instructionText": "sw-250wbridgemh02c-01",
            "group": null,
            "order": 1,
            "customOrder": 1,
            "selection": {
              "selectionType": null,
              "selectionValues": {},
              "defaultSelectedValues": [],
              "id": null
            },
            "range": [],
            "key": null,
            "provider": null,
            "binding": ""
          }
        ],
        "rollbackTemplateParams": [],
        "composite": false,
        "containingTemplates": [],
        "language": "VELOCITY",
        "promotedTemplateContent": "## System Management for Cat9k Only\nno service pad\nservice tcp-keepalives-in\nservice tcp-keepalives-out\nservice timestamps debug datetime msec localtime show-timezone\nservice timestamps log datetime msec show-timezone\nservice password-encryption\nservice sequence-numbers\n!\nip subnet-zero\nip dhcp snooping\n!\nlldp run\n!\nport-channel load-balance src-dst-ip\n!\nspanning-tree mode rapid-pvst\nspanning-tree portfast default\nspanning-tree portfast bpduguard default\n!\nerrdisable recovery cause all\nerrdisable recovery interval 30\n!\nip tftp blocksize 8184\n!\nudld enable\n!\nlogging buffered 64000 debug\nno logging console\nlogging trap notifications\n!\nsnmp-server contact Network Campus\nsnmp-server location ${location}\n!\nline con 0\n exec-timeout 15 0\n login authentication admin\n logging synchronous\n authorization exec admin\nline vty 0 15\n access-class 12 in\n exec-timeout 15 0\n login authentication admin\n logging synchronous\n authorization exec admin\n transport input ssh",
        "promotedTemplateParams": [
          {
            "parameterName": "location",
            "dataType": "STRING",
            "defaultValue": null,
            "description": "Site/Location Designator or Building Address/Location Designator",
            "required": true,
            "notParam": false,
            "paramArray": false,
            "displayName": "Location",
            "instructionText": "sw-250wbridgemh02c-01",
            "group": null,
            "order": 1,
            "customOrder": 1,
            "selection": {
              "selectionType": null,
              "selectionValues": {},
              "defaultSelectedValues": [],
              "id": null
            },
            "range": [],
            "key": null,
            "provider": null,
            "binding": "",
            "id": null
          }
        ],
        "customParamsOrder": false,
        "createTime": 1621719469542,
        "lastUpdateTime": 1621725042646,
        "latestVersionTime": 1621725046453,
        "projectName": "Lab DayN",
        "validationErrors": {
          "templateErrors": [],
          "rollbackTemplateErrors": [],
          "templateId": "f9289801-4ebb-4f95-9ca5-07a3a8517f32",
          "templateVersion": null
        },
        "projectAssociated": true,
        "documentDatabase": false
      }
    ],
    "isDeletable": true
  }
]