[
  {
    "name": "Local User Management",
    "description": "",
    "tags": [],
    "deviceTypes": [
      {
        "productFamily": "Switches and Hubs",
        "productSeries": "Cisco Catalyst 9300 Series Switches"
      }
    ],
    "softwareType": "IOS",
    "softwareVariant": "XE",
    "templateContent": "## Replace all \"$\" in passwords with ${d} to avoid all $ being variables\n## #set ($d = \"$\")\nusername demouser1 secret C1sco12345\nusername demouser2 secret C1sco12345\n",
    "rollbackTemplateContent": "",
    "templateParams": [],
    "rollbackTemplateParams": [],
    "composite": false,
    "containingTemplates": [],
    "language": "VELOCITY",
    "promotedTemplateContent": "## Replace all \"$\" in passwords with ${d} to avoid all $ being variables\n## #set ($d = \"$\")\nusername demouser1 secret C1sco12345\nusername demouser2 secret C1sco12345\n",
    "promotedTemplateParams": [],
    "customParamsOrder": false,
    "createTime": 1621719469387,
    "lastUpdateTime": 1621724772302,
    "latestVersionTime": 1621724776107,
    "validationErrors": {
      "templateErrors": [],
      "rollbackTemplateErrors": [],
      "templateId": "2cb2c2ab-57e9-467e-8f52-c8f01e690d68",
      "templateVersion": null
    },
    "projectAssociated": true,
    "documentDatabase": false
  }
]