[
  {
    "name": "VLANs Ports per TR",
    "description": "",
    "tags": [],
    "deviceTypes": [
      {
        "productFamily": "Switches and Hubs",
        "productSeries": "Cisco Catalyst 9300 Series Switches"
      }
    ],
    "softwareType": "IOS",
    "softwareVariant": "XE",
    "templateContent": "##Stack information variables\n#set( $StackPIDs = $ProductID.split(\",\") )\n#set( $StackMemberCount = $StackPIDs.size() )\n#set( $PortTotal = [] )\n#set( $offset = $StackMemberCount - 1 )\n#foreach( $Switch in [0..$offset] )\n  #set( $Model = $StackPIDs[$Switch])\n  #set( $PortCount = $Model.replaceAll(\"C9300L?-([2|4][4|8]).*\",\"$1\") )\n  #set( $foo = $PortTotal.add($PortCount) )\n#end\n!\n## VLANs per MDF\n#set( $data_vlan_number = 200 + ${MDF} )\n#set( $voice_vlan_number = 300 + ${MDF} )\n#set( $ap_vlan_number = 400 + ${MDF} )\n#set( $guest_vlan_number = 500 + ${MDF} )\n#set( $bh_vlan_number = 999 )\n!\n!\nvlan ${data_vlan_number}\n name data\nvlan ${voice_vlan_number}\n name voice\nvlan ${ap_vlan_number}\n name accesspoint\nvlan ${guest_vlan_number}\n name guest\nvlan ${bh_vlan_number}\n name disabled\n!\ndevice-tracking upgrade-cli force\n!\ndevice-tracking policy IPDT_MAX_10\n limit address-count 10\n no protocol udp\n tracking enable\n!\n##Macros\n## Use Bind to Source variable to select access interfaces \n#macro( access_interface )\n  description Workstation\n  switchport access vlan ${data_vlan_number}\n  switchport mode access\n  switchport voice vlan ${voice_vlan_number}\n  switchport port-security maximum 3\n  switchport port-security\n  spanning-tree portfast\n  spanning-tree bpduguard enable\n#end\n!\n#macro( uplink_interface )\n    switchport trunk allowed vlan add $data_vlan_number,$voice_vlan_number,$ap_vlan_number,$guest_vlan_number,$bh_vlan_number\n#end\n!\n##Access Port Configuration\n#foreach( $Switch in [0..$offset] )\n  #set( $SwiNum = $Switch + 1 )\n  interface range gi ${SwiNum}/0/1 - 9, gi ${SwiNum}/0/12 - $PortTotal[$Switch]\n    #access_interface\n#end\n!\n##Uplink Port Configuration\ninterface portchannel 1\n #uplink_interface\n!\n\n\n\n  \n",
    "rollbackTemplateContent": "",
    "templateParams": [
      {
        "parameterName": "ProductID",
        "dataType": "STRING",
        "defaultValue": null,
        "description": null,
        "required": true,
        "notParam": false,
        "paramArray": false,
        "displayName": "Switch Product ID",
        "instructionText": null,
        "group": null,
        "order": 1,
        "customOrder": 1,
        "selection": {
          "selectionType": "SINGLE_SELECT",
          "selectionValues": {},
          "defaultSelectedValues": [],
          "id": null
        },
        "range": [],
        "key": null,
        "provider": null,
        "binding": "{\"provider\":\"Inventory\",\"attributeToDisplay\":\"managementIpAddress\",\"params\":[{\"type\":\"MANAGED_DEVICE_UUID\",\"scope\":\"RUNTIME\",\"value\":null},{\"type\":\"MANAGED_DEVICE_IP\",\"scope\":\"RUNTIME\",\"value\":null},{\"type\":\"MANAGED_DEVICE_HOSTNAME\",\"scope\":\"RUNTIME\",\"value\":null}],\"value\":null,\"source\":\"Inventory\",\"entity\":\"Device\",\"attribute\":\"platformId\",\"filterType\":\"\",\"filterValue\":\"\",\"filterByAttribute\":\"\"}"
      },
      {
        "parameterName": "MDF",
        "dataType": "INTEGER",
        "defaultValue": "01",
        "description": null,
        "required": true,
        "notParam": false,
        "paramArray": false,
        "displayName": null,
        "instructionText": null,
        "group": null,
        "order": 2,
        "customOrder": 0,
        "selection": {
          "selectionType": null,
          "selectionValues": {},
          "defaultSelectedValues": [],
          "id": null
        },
        "range": [],
        "key": null,
        "provider": null,
        "binding": ""
      }
    ],
    "rollbackTemplateParams": [],
    "composite": false,
    "containingTemplates": [],
    "language": "VELOCITY",
    "promotedTemplateContent": "##Stack information variables\n#set( $StackPIDs = $ProductID.split(\",\") )\n#set( $StackMemberCount = $StackPIDs.size() )\n#set( $PortTotal = [] )\n#set( $offset = $StackMemberCount - 1 )\n#foreach( $Switch in [0..$offset] )\n  #set( $Model = $StackPIDs[$Switch])\n  #set( $PortCount = $Model.replaceAll(\"C9300L?-([2|4][4|8]).*\",\"$1\") )\n  #set( $foo = $PortTotal.add($PortCount) )\n#end\n!\n## VLANs per MDF\n#set( $data_vlan_number = 200 + ${MDF} )\n#set( $voice_vlan_number = 300 + ${MDF} )\n#set( $ap_vlan_number = 400 + ${MDF} )\n#set( $guest_vlan_number = 500 + ${MDF} )\n#set( $bh_vlan_number = 999 )\n!\n!\nvlan ${data_vlan_number}\n name data\nvlan ${voice_vlan_number}\n name voice\nvlan ${ap_vlan_number}\n name accesspoint\nvlan ${guest_vlan_number}\n name guest\nvlan ${bh_vlan_number}\n name disabled\n!\ndevice-tracking upgrade-cli force\n!\ndevice-tracking policy IPDT_MAX_10\n limit address-count 10\n no protocol udp\n tracking enable\n!\n##Macros\n## Use Bind to Source variable to select access interfaces \n#macro( access_interface )\n  description Workstation\n  switchport access vlan ${data_vlan_number}\n  switchport mode access\n  switchport voice vlan ${voice_vlan_number}\n  switchport port-security maximum 3\n  switchport port-security\n  spanning-tree portfast\n  spanning-tree bpduguard enable\n#end\n!\n#macro( uplink_interface )\n    switchport trunk allowed vlan add $data_vlan_number,$voice_vlan_number,$ap_vlan_number,$guest_vlan_number,$bh_vlan_number\n#end\n!\n##Access Port Configuration\n#foreach( $Switch in [0..$offset] )\n  #set( $SwiNum = $Switch + 1 )\n  interface range gi ${SwiNum}/0/1 - 9, gi ${SwiNum}/0/12 - $PortTotal[$Switch]\n    #access_interface\n#end\n!\n##Uplink Port Configuration\ninterface portchannel 1\n #uplink_interface\n!\n\n\n\n  \n",
    "promotedTemplateParams": [
      {
        "parameterName": "ProductID",
        "dataType": "STRING",
        "defaultValue": null,
        "description": null,
        "required": true,
        "notParam": false,
        "paramArray": false,
        "displayName": "Switch Product ID",
        "instructionText": null,
        "group": null,
        "order": 1,
        "customOrder": 1,
        "selection": {
          "selectionType": "SINGLE_SELECT",
          "selectionValues": {},
          "defaultSelectedValues": [],
          "id": null
        },
        "range": [],
        "key": null,
        "provider": null,
        "binding": "{\"provider\":\"Inventory\",\"attributeToDisplay\":\"managementIpAddress\",\"params\":[{\"type\":\"MANAGED_DEVICE_UUID\",\"scope\":\"RUNTIME\",\"value\":null},{\"type\":\"MANAGED_DEVICE_IP\",\"scope\":\"RUNTIME\",\"value\":null},{\"type\":\"MANAGED_DEVICE_HOSTNAME\",\"scope\":\"RUNTIME\",\"value\":null}],\"value\":null,\"source\":\"Inventory\",\"entity\":\"Device\",\"attribute\":\"platformId\",\"filterType\":\"\",\"filterValue\":\"\",\"filterByAttribute\":\"\"}",
        "id": null
      },
      {
        "parameterName": "MDF",
        "dataType": "INTEGER",
        "defaultValue": "01",
        "description": null,
        "required": true,
        "notParam": false,
        "paramArray": false,
        "displayName": null,
        "instructionText": null,
        "group": null,
        "order": 2,
        "customOrder": 0,
        "selection": {
          "selectionType": null,
          "selectionValues": {},
          "defaultSelectedValues": [],
          "id": null
        },
        "range": [],
        "key": null,
        "provider": null,
        "binding": "",
        "id": null
      }
    ],
    "customParamsOrder": false,
    "createTime": 1621719469505,
    "lastUpdateTime": 1621725559874,
    "latestVersionTime": 1621725568613,
    "validationErrors": {
      "templateErrors": [],
      "rollbackTemplateErrors": [],
      "templateId": "a806b250-8045-4507-b672-1d0d14e6b270",
      "templateVersion": null
    },
    "projectAssociated": true,
    "documentDatabase": false
  }
]