[
  {
    "name": "AAA",
    "description": "",
    "tags": [],
    "deviceTypes": [
      {
        "productFamily": "Switches and Hubs",
        "productSeries": "Cisco Catalyst 9300 Series Switches"
      }
    ],
    "softwareType": "IOS",
    "softwareVariant": "XE",
    "templateContent": "aaa new-model\n!\naaa authentication username-prompt \"Authorized Username:\"\naaa authentication login admin local\naaa authorization console\naaa authorization exec admin local\naaa authentication login admin local-case\naaa authorization exec admin local \n!\nmac address-table notification mac-move\nmac address-table notification threshold\nmac-address-table notification change\n!\n",
    "rollbackTemplateContent": "",
    "templateParams": [],
    "rollbackTemplateParams": [],
    "composite": false,
    "containingTemplates": [],
    "language": "VELOCITY",
    "promotedTemplateContent": "aaa new-model\n!\naaa authentication username-prompt \"Authorized Username:\"\naaa authentication login admin local\naaa authorization console\naaa authorization exec admin local\naaa authentication login admin local-case\naaa authorization exec admin local \n!\nmac address-table notification mac-move\nmac address-table notification threshold\nmac-address-table notification change\n!\n",
    "promotedTemplateParams": [],
    "customParamsOrder": false,
    "createTime": 1621719469808,
    "lastUpdateTime": 1621724602034,
    "latestVersionTime": 1621724607410,
    "validationErrors": {
      "templateErrors": [],
      "rollbackTemplateErrors": [],
      "templateId": "a6f2c6d1-3a9a-42f0-85f2-d79d67d9c920",
      "templateVersion": null
    },
    "projectAssociated": true,
    "documentDatabase": false
  }
]