[
  {
    "name": "Stacking",
    "description": "",
    "tags": [],
    "deviceTypes": [
      {
        "productFamily": "Switches and Hubs",
        "productSeries": "Cisco Catalyst 9300 Series Switches"
      }
    ],
    "softwareType": "IOS",
    "softwareVariant": "XE",
    "templateContent": "## 9300 Stack Power and Priority\n##Variables\n#set( $StackCount = $Serial.split(\",\") )\n#set( $StackMemberCount = $StackCount.size() )\n!\n##Stacking Commands\n#if( $StackMemberCount > 1 )\n   stack-power stack Powerstack1\n   mode redundant strict\n   #if( $StackMemberCount > 4 )\n      stack-power stack Powerstack2\n      mode redundant strict\n   #end\n   #foreach( $Switch in [1..$StackMemberCount] )\n      #if( $Switch < 5 )\n         stack-power switch ${Switch}\n         stack Powerstack1\n      #elseif( $Switch > 4 )\n         stack-power switch ${Switch}\n         stack Powerstack2\n      #end\n    #end\n    #MODE_ENABLE\n    #MODE_END_ENABLE\n    #MODE_ENABLE\n    #foreach( $Switch in [1..$StackMemberCount] )\n       #if($Switch == 1)\n          switch $Switch priority 10\n       #elseif($Switch == 2)\n          switch $Switch priority 9\n       #else\n          switch $Switch priority 8\n       #end \n    #end\n    #MODE_END_ENABLE\n#end\n",
    "rollbackTemplateContent": "",
    "templateParams": [
      {
        "parameterName": "Serial",
        "dataType": "STRING",
        "defaultValue": null,
        "description": null,
        "required": true,
        "notParam": false,
        "paramArray": false,
        "displayName": null,
        "instructionText": null,
        "group": null,
        "order": 1,
        "customOrder": 1,
        "selection": {
          "selectionType": "SINGLE_SELECT",
          "selectionValues": {},
          "defaultSelectedValues": [],
          "id": null
        },
        "range": [],
        "key": null,
        "provider": null,
        "binding": "{\"provider\":\"Inventory\",\"attributeToDisplay\":\"managementIpAddress\",\"variableName\":\"Serial\",\"params\":[{\"type\":\"MANAGED_DEVICE_UUID\",\"scope\":\"RUNTIME\",\"value\":null},{\"type\":\"MANAGED_DEVICE_IP\",\"scope\":\"RUNTIME\",\"value\":null},{\"type\":\"MANAGED_DEVICE_HOSTNAME\",\"scope\":\"RUNTIME\",\"value\":null}],\"value\":null,\"source\":\"Inventory\",\"entity\":\"Device\",\"attribute\":\"serialNumber\"}"
      }
    ],
    "rollbackTemplateParams": [],
    "composite": false,
    "containingTemplates": [],
    "language": "VELOCITY",
    "promotedTemplateContent": "## 9300 Stack Power and Priority\n##Variables\n#set( $StackCount = $Serial.split(\",\") )\n#set( $StackMemberCount = $StackCount.size() )\n!\n##Stacking Commands\n#if( $StackMemberCount > 1 )\n   stack-power stack Powerstack1\n   mode redundant strict\n   #if( $StackMemberCount > 4 )\n      stack-power stack Powerstack2\n      mode redundant strict\n   #end\n   #foreach( $Switch in [1..$StackMemberCount] )\n      #if( $Switch < 5 )\n         stack-power switch ${Switch}\n         stack Powerstack1\n      #elseif( $Switch > 4 )\n         stack-power switch ${Switch}\n         stack Powerstack2\n      #end\n    #end\n    #MODE_ENABLE\n    #MODE_END_ENABLE\n    #MODE_ENABLE\n    #foreach( $Switch in [1..$StackMemberCount] )\n       #if($Switch == 1)\n          switch $Switch priority 10\n       #elseif($Switch == 2)\n          switch $Switch priority 9\n       #else\n          switch $Switch priority 8\n       #end \n    #end\n    #MODE_END_ENABLE\n#end\n",
    "promotedTemplateParams": [
      {
        "parameterName": "Serial",
        "dataType": "STRING",
        "defaultValue": null,
        "description": null,
        "required": true,
        "notParam": false,
        "paramArray": false,
        "displayName": null,
        "instructionText": null,
        "group": null,
        "order": 1,
        "customOrder": 1,
        "selection": {
          "selectionType": "SINGLE_SELECT",
          "selectionValues": {},
          "defaultSelectedValues": [],
          "id": null
        },
        "range": [],
        "key": null,
        "provider": null,
        "binding": "{\"provider\":\"Inventory\",\"attributeToDisplay\":\"managementIpAddress\",\"variableName\":\"Serial\",\"params\":[{\"type\":\"MANAGED_DEVICE_UUID\",\"scope\":\"RUNTIME\",\"value\":null},{\"type\":\"MANAGED_DEVICE_IP\",\"scope\":\"RUNTIME\",\"value\":null},{\"type\":\"MANAGED_DEVICE_HOSTNAME\",\"scope\":\"RUNTIME\",\"value\":null}],\"value\":null,\"source\":\"Inventory\",\"entity\":\"Device\",\"attribute\":\"serialNumber\"}",
        "id": null
      }
    ],
    "customParamsOrder": false,
    "createTime": 1621719469427,
    "lastUpdateTime": 1621724380492,
    "latestVersionTime": 1621724380711,
    "validationErrors": {
      "templateErrors": [],
      "rollbackTemplateErrors": [],
      "templateId": "5f9f3a67-17f0-4fbb-be2b-ed33db1d8143",
      "templateVersion": null
    },
    "projectAssociated": true,
    "documentDatabase": false
  }
]