{
	"info": {
		"_postman_id": "77c3758f-3b3b-49f2-9810-bde1b10298da",
		"name": "DNE LAB 1.5 - Template Deployment Student",
		"description": "This Collection is designed for the student to build a project in the template editor, and upload and commit a template ready for deployment.  \n  \nAn additional Task is shown which is not run but there for the student to gain an understanding of how the template would be run.",
		"schema": "https://schema.getpostman.com/json/collection/v2.1.0/collection.json",
		"_exporter_id": "13375428"
	},
	"item": [
		{
			"name": "DNAC Token",
			"event": [
				{
					"listen": "test",
					"script": {
						"exec": [
							"var jsonData = JSON.parse(responseBody);\r",
							"if (jsonData.Token) {\r",
							"  tests[\"Body has Token\"] = true;\r",
							"  postman.setEnvironmentVariable(\"TOKEN\", jsonData[\"Token\"]); \r",
							"}\r",
							"else {\r",
							"  tests[\"Body has no Token\"] = false;\r",
							"  postman.setNextRequest(\"null\");\r",
							"}\r",
							"postman.setNextRequest(\"Create Project\")"
						],
						"type": "text/javascript"
					}
				}
			],
			"protocolProfileBehavior": {
				"strictSSL": false
			},
			"request": {
				"auth": {
					"type": "basic",
					"basic": [
						{
							"key": "password",
							"value": "{{DNACpwd}}",
							"type": "string"
						},
						{
							"key": "username",
							"value": "{{DNACuser}}",
							"type": "string"
						}
					]
				},
				"method": "POST",
				"header": [
					{
						"key": "Content-Type",
						"value": "application/json",
						"type": "text"
					}
				],
				"body": {
					"mode": "raw",
					"raw": ""
				},
				"url": {
					"raw": "https://{{DNACip}}/dna/system/api/v1/auth/token",
					"protocol": "https",
					"host": [
						"{{DNACip}}"
					],
					"path": [
						"dna",
						"system",
						"api",
						"v1",
						"auth",
						"token"
					]
				}
			},
			"response": []
		},
		{
			"name": "Create Project",
			"event": [
				{
					"listen": "test",
					"script": {
						"exec": [
							"var jsonData = JSON.parse(responseBody);\r",
							"if (jsonData.response.taskId) {\r",
							"  tests[\"Body has taskId\"] = true;\r",
							"  postman.setEnvironmentVariable(\"ProjectTaskId\", jsonData.response.taskId);\r",
							"}\r",
							"else {\r",
							"  tests[\"Body has no taskId\"] = false;\r",
							"  postman.setNextRequest(\"null\");\r",
							"}\r",
							"setTimeout(function(){}, [25000]);\r",
							"postman.setNextRequest(\"Get Project Task Id\")"
						],
						"type": "text/javascript"
					}
				},
				{
					"listen": "prerequest",
					"script": {
						"exec": [
							"let StudentName = pm.environment.get(\"HierarchyArea\");\r",
							"let ProjectName = StudentName + \"-Project\"\r",
							"postman.setEnvironmentVariable(\"ProjectName\", ProjectName)"
						],
						"type": "text/javascript"
					}
				}
			],
			"request": {
				"method": "POST",
				"header": [
					{
						"key": "Content-Type",
						"value": "application/json",
						"type": "text"
					},
					{
						"key": "X-Auth-Token",
						"value": "{{TOKEN}}",
						"type": "text"
					}
				],
				"body": {
					"mode": "raw",
					"raw": "{\r\n    \"description\": \"This Project was deployed by Rest-API\",\r\n    \"name\": \"{{ProjectName}}\"\r\n}"
				},
				"url": {
					"raw": "https://{{DNACip}}/dna/intent/api/v1/template-programmer/project",
					"protocol": "https",
					"host": [
						"{{DNACip}}"
					],
					"path": [
						"dna",
						"intent",
						"api",
						"v1",
						"template-programmer",
						"project"
					]
				}
			},
			"response": []
		},
		{
			"name": "Get Project Task Id",
			"event": [
				{
					"listen": "test",
					"script": {
						"exec": [
							"var jsonData = JSON.parse(responseBody);",
							"let ProjectName = pm.environment.get(\"ProjectName\");",
							"let SearchString = \"Successfully created project with name \" + ProjectName ",
							"if (jsonData.response.progress = SearchString) {",
							"  tests[\"Body has Project Id\"] = true;",
							"  postman.setEnvironmentVariable(\"ProjectId\", jsonData[\"response\"][\"data\"]); ",
							"}",
							"setTimeout(function(){}, [25000]);",
							"postman.setNextRequest(\"Create Template\")"
						],
						"type": "text/javascript"
					}
				},
				{
					"listen": "prerequest",
					"script": {
						"exec": [
							""
						],
						"type": "text/javascript"
					}
				}
			],
			"protocolProfileBehavior": {
				"disableBodyPruning": true
			},
			"request": {
				"method": "GET",
				"header": [
					{
						"key": "Content-Type",
						"value": "application/json",
						"type": "text"
					},
					{
						"key": "X-Auth-Token",
						"value": "{{TOKEN}}",
						"type": "text"
					}
				],
				"body": {
					"mode": "raw",
					"raw": ""
				},
				"url": {
					"raw": "https://{{DNACip}}/dna/intent/api/v1/task/{{ProjectTaskId}}",
					"protocol": "https",
					"host": [
						"{{DNACip}}"
					],
					"path": [
						"dna",
						"intent",
						"api",
						"v1",
						"task",
						"{{ProjectTaskId}}"
					]
				}
			},
			"response": []
		},
		{
			"name": "Create Template",
			"event": [
				{
					"listen": "prerequest",
					"script": {
						"exec": [
							"pm.environment.get(\"ProjectId\");\r",
							"pm.environment.get(\"ProjectName\");"
						],
						"type": "text/javascript"
					}
				},
				{
					"listen": "test",
					"script": {
						"exec": [
							"var jsonData = JSON.parse(responseBody);\r",
							"if (jsonData.response.taskId) {\r",
							"  tests[\"Template Created\"] = true;\r",
							"  tests[\"Body has taskId\"] = true;\r",
							"  postman.setEnvironmentVariable(\"TemplateTaskId\", jsonData.response.taskId);\r",
							"}\r",
							"else {\r",
							"  tests[\"Template not Created\"] = false;\r",
							"  tests[\"Body has no taskId\"] = false;\r",
							"  postman.setNextRequest(\"null\");\r",
							"}\r",
							"setTimeout(function(){}, [25000]);\r",
							"postman.setNextRequest(\"Get Template Task Id\")"
						],
						"type": "text/javascript"
					}
				}
			],
			"request": {
				"method": "POST",
				"header": [
					{
						"key": "Content-Type",
						"value": "application/json",
						"type": "text"
					},
					{
						"key": "X-Auth-Token",
						"value": "{{TOKEN}}",
						"type": "text"
					}
				],
				"body": {
					"mode": "raw",
					"raw": "{\r\n    \"name\": \"Automatic Uplink Naming\",\r\n    \"description\": \"API Example Template Deployment\",\r\n    \"tags\": [],\r\n    \"deviceTypes\": [\r\n        {\r\n            \"productFamily\": \"Switches and Hubs\",\r\n            \"productSeries\": \"Cisco Catalyst 9300 Series Switches\"\r\n        }\r\n    ],\r\n    \"softwareType\": \"IOS\",\r\n    \"softwareVariant\": \"XE\",\r\n    \"softwareVersion\": null,\r\n    \"templateContent\": \"##Automated Uplink Description Script\\n##This will always ensure the uplink descriptions are correct to upstream\\n##Switches within the infrastructure\\nevent manager applet update-port\\n event neighbor-discovery interface regexp GigabitEthernet.* cdp add\\n action 101 regexp \\\"(Switch|Router)\\\" \\\"$_nd_cdp_capabilities_string\\\"\\n action 102 if $_regexp_result eq \\\"1\\\"\\n action 103  cli command \\\"enable\\\"\\n action 104  cli command \\\"config t\\\"\\n action 105  cli command \\\"interface $_nd_local_intf_name\\\"\\n action 106  regexp \\\"^([^\\\\.]+)\\\\.\\\" \\\"$_nd_cdp_entry_name\\\" match host\\n action 107  regexp \\\"^([^\\\\.]+)\\\" \\\"$_nd_port_id\\\" match connectedport\\n action 108  cli command \\\"no description\\\"\\n action 109  cli command \\\"description Uplink to $host - $connectedport\\\"\\n action 110  cli command \\\"interface port-channel 1\\\"\\n action 111  cli command \\\"no description\\\"\\n action 112  cli command \\\"description Uplink to $host\\\"\\n action 113  cli command \\\"end\\\"\\n action 114  cli command \\\"write\\\"\\n action 115 end\\n!\\n\",\r\n    \"rollbackTemplateContent\": \"\",\r\n    \"templateParams\": [\r\n        {\r\n          \"parameterName\": \"_nd_local_intf_name\",\r\n          \"dataType\": \"STRING\",\r\n          \"defaultValue\": null,\r\n          \"description\": null,\r\n          \"required\": false,\r\n          \"notParam\": true,\r\n          \"paramArray\": false,\r\n          \"displayName\": null,\r\n          \"instructionText\": null,\r\n          \"group\": null,\r\n          \"order\": 3,\r\n          \"customOrder\": 0,\r\n          \"selection\": {\r\n            \"selectionType\": null,\r\n            \"selectionValues\": {},\r\n            \"defaultSelectedValues\": [],\r\n            \"id\": null\r\n          },\r\n          \"range\": [],\r\n          \"key\": null,\r\n          \"provider\": null,\r\n          \"binding\": \"\"\r\n        },\r\n        {\r\n          \"parameterName\": \"_nd_cdp_capabilities_string\",\r\n          \"dataType\": \"STRING\",\r\n          \"defaultValue\": null,\r\n          \"description\": null,\r\n          \"required\": false,\r\n          \"notParam\": true,\r\n          \"paramArray\": false,\r\n          \"displayName\": null,\r\n          \"instructionText\": null,\r\n          \"group\": null,\r\n          \"order\": 1,\r\n          \"customOrder\": 0,\r\n          \"selection\": {\r\n            \"selectionType\": null,\r\n            \"selectionValues\": {},\r\n            \"defaultSelectedValues\": [],\r\n            \"id\": null\r\n          },\r\n          \"range\": [],\r\n          \"key\": null,\r\n          \"provider\": null,\r\n          \"binding\": \"\"\r\n        },\r\n        {\r\n          \"parameterName\": \"_nd_port_id\",\r\n          \"dataType\": \"STRING\",\r\n          \"defaultValue\": null,\r\n          \"description\": null,\r\n          \"required\": false,\r\n          \"notParam\": true,\r\n          \"paramArray\": false,\r\n          \"displayName\": null,\r\n          \"instructionText\": null,\r\n          \"group\": null,\r\n          \"order\": 5,\r\n          \"customOrder\": 0,\r\n          \"selection\": {\r\n            \"selectionType\": null,\r\n            \"selectionValues\": {},\r\n            \"defaultSelectedValues\": [],\r\n            \"id\": null\r\n          },\r\n          \"range\": [],\r\n          \"key\": null,\r\n          \"provider\": null,\r\n          \"binding\": \"\"\r\n        },\r\n        {\r\n          \"parameterName\": \"_regexp_result\",\r\n          \"dataType\": \"STRING\",\r\n          \"defaultValue\": null,\r\n          \"description\": null,\r\n          \"required\": false,\r\n          \"notParam\": true,\r\n          \"paramArray\": false,\r\n          \"displayName\": null,\r\n          \"instructionText\": null,\r\n          \"group\": null,\r\n          \"order\": 2,\r\n          \"customOrder\": 0,\r\n          \"selection\": {\r\n            \"selectionType\": null,\r\n            \"selectionValues\": {},\r\n            \"defaultSelectedValues\": [],\r\n            \"id\": null\r\n          },\r\n          \"range\": [],\r\n          \"key\": null,\r\n          \"provider\": null,\r\n          \"binding\": \"\"\r\n        },\r\n        {\r\n          \"parameterName\": \"_nd_cdp_entry_name\",\r\n          \"dataType\": \"STRING\",\r\n          \"defaultValue\": null,\r\n          \"description\": null,\r\n          \"required\": false,\r\n          \"notParam\": true,\r\n          \"paramArray\": false,\r\n          \"displayName\": null,\r\n          \"instructionText\": null,\r\n          \"group\": null,\r\n          \"order\": 4,\r\n          \"customOrder\": 0,\r\n          \"selection\": {\r\n            \"selectionType\": null,\r\n            \"selectionValues\": {},\r\n            \"defaultSelectedValues\": [],\r\n            \"id\": null\r\n          },\r\n          \"range\": [],\r\n          \"key\": null,\r\n          \"provider\": null,\r\n          \"binding\": \"\"\r\n        },\r\n        {\r\n          \"parameterName\": \"host\",\r\n          \"dataType\": \"STRING\",\r\n          \"defaultValue\": null,\r\n          \"description\": null,\r\n          \"required\": false,\r\n          \"notParam\": true,\r\n          \"paramArray\": false,\r\n          \"displayName\": null,\r\n          \"instructionText\": null,\r\n          \"group\": null,\r\n          \"order\": 6,\r\n          \"customOrder\": 0,\r\n          \"selection\": {\r\n            \"selectionType\": null,\r\n            \"selectionValues\": {},\r\n            \"defaultSelectedValues\": [],\r\n            \"id\": null\r\n          },\r\n          \"range\": [],\r\n          \"key\": null,\r\n          \"provider\": null,\r\n          \"binding\": \"\"\r\n        },\r\n        {\r\n          \"parameterName\": \"connectedport\",\r\n          \"dataType\": \"STRING\",\r\n          \"defaultValue\": null,\r\n          \"description\": null,\r\n          \"required\": false,\r\n          \"notParam\": true,\r\n          \"paramArray\": false,\r\n          \"displayName\": null,\r\n          \"instructionText\": null,\r\n          \"group\": null,\r\n          \"order\": 7,\r\n          \"customOrder\": 0,\r\n          \"selection\": {\r\n            \"selectionType\": null,\r\n            \"selectionValues\": {},\r\n            \"defaultSelectedValues\": [],\r\n            \"id\": null\r\n          },\r\n          \"range\": [],\r\n          \"key\": null,\r\n          \"provider\": null,\r\n          \"binding\": \"\"\r\n        }\r\n    ],\r\n    \"rollbackTemplateParams\": [\r\n        {\r\n            \"binding\": null,\r\n            \"customOrder\": null,\r\n            \"dataType\": \"STRING\",\r\n            \"defaultValue\": null,\r\n            \"description\": null,\r\n            \"displayName\": null,\r\n            \"group\": null,\r\n            \"id\": null,\r\n            \"instructionText\": null,\r\n            \"key\": null,\r\n            \"notParam\": null,\r\n            \"order\": null,\r\n            \"paramArray\": null,\r\n            \"parameterName\": null,\r\n            \"provider\": null,\r\n            \"range\": [\r\n                {\r\n                    \"id\": null,\r\n                    \"maxValue\": null,\r\n                    \"minValue\": null\r\n                }\r\n            ],\r\n            \"required\": null,\r\n            \"selection\": {\r\n                \"defaultSelectedValues\": [ null ],\r\n                \"id\": null,\r\n                \"selectionType\": \"SINGLE_SELECT\",\r\n                \"selectionValues\": {}\r\n            }\r\n        }\r\n    ],\r\n    \"composite\": false,\r\n    \"containingTemplates\": [],\r\n    \"customParamsOrder\": null,\r\n    \"language\": \"VELOCITY\",\r\n    \"projectId\": \"{{ProjectId}}\",\r\n    \"projectName\": \"{{ProjectName}}\"\r\n}"
				},
				"url": {
					"raw": "https://{{DNACip}}/dna/intent/api/v1/template-programmer/project/{{ProjectId}}/template",
					"protocol": "https",
					"host": [
						"{{DNACip}}"
					],
					"path": [
						"dna",
						"intent",
						"api",
						"v1",
						"template-programmer",
						"project",
						"{{ProjectId}}",
						"template"
					]
				}
			},
			"response": []
		},
		{
			"name": "Get Template Task Id",
			"event": [
				{
					"listen": "test",
					"script": {
						"exec": [
							"var jsonData = JSON.parse(responseBody);",
							"let ProjectName = pm.environment.get(\"ProjectName\");",
							"let SearchString = \"Successfully created project with name \" + ProjectName ",
							"if (jsonData.response.progress = SearchString) {",
							"  tests[\"Body has Template Id\"] = true;",
							"  postman.setEnvironmentVariable(\"TemplateId\", jsonData[\"response\"][\"data\"]); ",
							"}",
							"setTimeout(function(){}, [25000]);",
							"postman.setNextRequest(\"Commit Template\")"
						],
						"type": "text/javascript"
					}
				},
				{
					"listen": "prerequest",
					"script": {
						"exec": [
							""
						],
						"type": "text/javascript"
					}
				}
			],
			"protocolProfileBehavior": {
				"disableBodyPruning": true
			},
			"request": {
				"method": "GET",
				"header": [
					{
						"key": "Content-Type",
						"value": "application/json",
						"type": "text"
					},
					{
						"key": "X-Auth-Token",
						"value": "{{TOKEN}}",
						"type": "text"
					}
				],
				"body": {
					"mode": "raw",
					"raw": ""
				},
				"url": {
					"raw": "https://{{DNACip}}/dna/intent/api/v1/task/{{TemplateTaskId}}",
					"protocol": "https",
					"host": [
						"{{DNACip}}"
					],
					"path": [
						"dna",
						"intent",
						"api",
						"v1",
						"task",
						"{{TemplateTaskId}}"
					]
				}
			},
			"response": []
		},
		{
			"name": "Commit Template",
			"event": [
				{
					"listen": "prerequest",
					"script": {
						"exec": [
							"pm.environment.get(\"TemplateId\");"
						],
						"type": "text/javascript"
					}
				},
				{
					"listen": "test",
					"script": {
						"exec": [
							"var jsonData = JSON.parse(responseBody);\r",
							"if (jsonData.response.taskId) {\r",
							"  tests[\"Template Committed\"] = true;\r",
							"}\r",
							"else {\r",
							"  tests[\"Template not Committed\"] = false;\r",
							"  postman.setNextRequest(\"null\");\r",
							"}\r",
							"//postman.setNextRequest(\"null\");\r",
							"setTimeout(function(){}, [25000]);\r",
							"postman.setNextRequest(\"Get Devices\")"
						],
						"type": "text/javascript"
					}
				}
			],
			"request": {
				"method": "POST",
				"header": [
					{
						"key": "Content-Type",
						"value": "application/json",
						"type": "text"
					},
					{
						"key": "X-Auth-Token",
						"value": "{{TOKEN}}",
						"type": "text"
					}
				],
				"body": {
					"mode": "raw",
					"raw": "{\r\n    \"comments\": \"Template Initial Version\",\r\n    \"templateId\": \"{{TemplateId}}\"\r\n}"
				},
				"url": {
					"raw": "https://{{DNACip}}/dna/intent/api/v1/template-programmer/template/version",
					"protocol": "https",
					"host": [
						"{{DNACip}}"
					],
					"path": [
						"dna",
						"intent",
						"api",
						"v1",
						"template-programmer",
						"template",
						"version"
					]
				}
			},
			"response": []
		},
		{
			"name": "Get Devices",
			"event": [
				{
					"listen": "test",
					"script": {
						"exec": [
							"var jsonData = JSON.parse(responseBody);",
							"for (var i = 0;i<jsonData.response.length;i++) {",
							"  if (jsonData.response[i].managementIpAddress == pm.environment.get(\"TargetDevice\")) {",
							"    postman.setEnvironmentVariable(\"TargetDeviceId\", jsonData[\"response\"][i][\"managementIpAddress\"]); ",
							"    tests[\"Target Device Id acquired\"] = true;",
							"    }",
							"}",
							"setTimeout(function(){}, [25000]);",
							"//postman.setNextRequest(\"Deploy Template\")"
						],
						"type": "text/javascript"
					}
				}
			],
			"request": {
				"method": "GET",
				"header": [
					{
						"key": "Content-Type",
						"value": "application/json",
						"type": "text"
					},
					{
						"key": "X-Auth-Token",
						"value": "{{TOKEN}}",
						"type": "text"
					}
				],
				"url": {
					"raw": "https://198.18.129.100/api/v1/network-device",
					"protocol": "https",
					"host": [
						"198",
						"18",
						"129",
						"100"
					],
					"path": [
						"api",
						"v1",
						"network-device"
					]
				}
			},
			"response": []
		},
		{
			"name": "Deploy Template",
			"event": [
				{
					"listen": "prerequest",
					"script": {
						"exec": [
							"pm.environment.get(\"TemplateId\");\r",
							"pm.environment.get(\"TargetDeviceId\");"
						],
						"type": "text/javascript"
					}
				},
				{
					"listen": "test",
					"script": {
						"exec": [
							"var jsonData = JSON.parse(responseBody);\r",
							"pm.test(\"Template deployed\",() => {pm.expect(pm.response.text()).to.include(\"nt Id:\");});\r",
							""
						],
						"type": "text/javascript"
					}
				}
			],
			"request": {
				"method": "POST",
				"header": [
					{
						"key": "Content-Type",
						"value": "application/json",
						"type": "text"
					},
					{
						"key": "X-Auth-Token",
						"value": "{{TOKEN}}",
						"type": "text"
					}
				],
				"body": {
					"mode": "raw",
					"raw": "{\r\n    \"forcePushTemplate\": false,\r\n    \"isComposite\": false,\r\n    \"targetInfo\": [\r\n        {\r\n            \"id\": \"{{TargetDeviceId}}\",\r\n            \"type\": \"MANAGED_DEVICE_IP\"\r\n        }\r\n    ],\r\n    \"templateId\": \"{{TemplateId}}\"\r\n}"
				},
				"url": {
					"raw": "https://{{DNACip}}/dna/intent/api/v1/template-programmer/template/deploy",
					"protocol": "https",
					"host": [
						"{{DNACip}}"
					],
					"path": [
						"dna",
						"intent",
						"api",
						"v1",
						"template-programmer",
						"template",
						"deploy"
					]
				}
			},
			"response": []
		}
	]
}