{
	"info": {
		"_postman_id": "2c1df5b2-d8ac-4a93-872f-b9ef4362c230",
		"name": "DNE LAB 1.6 - Configuration Archive Student",
		"description": "This Collection is designed for the student to download and extract the running and startup configurations of a switch within the network.",
		"schema": "https://schema.getpostman.com/json/collection/v2.1.0/collection.json",
		"_exporter_id": "13375428"
	},
	"item": [
		{
			"name": "DNAC Token",
			"event": [
				{
					"listen": "test",
					"script": {
						"exec": [
							"var jsonData = JSON.parse(responseBody);\r",
							"if (jsonData.Token) {\r",
							"  tests[\"Body has Token\"] = true;\r",
							"  postman.setEnvironmentVariable(\"TOKEN\", jsonData[\"Token\"]); \r",
							"}\r",
							"else {\r",
							"  tests[\"Body has no Token\"] = false;\r",
							"  postman.setNextRequest(\"null\");\r",
							"}\r",
							"postman.setNextRequest(\"Get Devices\")"
						],
						"type": "text/javascript"
					}
				}
			],
			"protocolProfileBehavior": {
				"strictSSL": false
			},
			"request": {
				"auth": {
					"type": "basic",
					"basic": [
						{
							"key": "password",
							"value": "{{DNACpwd}}",
							"type": "string"
						},
						{
							"key": "username",
							"value": "{{DNACuser}}",
							"type": "string"
						}
					]
				},
				"method": "POST",
				"header": [
					{
						"key": "Content-Type",
						"value": "application/json",
						"type": "text"
					}
				],
				"body": {
					"mode": "raw",
					"raw": ""
				},
				"url": {
					"raw": "https://{{DNACip}}/dna/system/api/v1/auth/token",
					"protocol": "https",
					"host": [
						"{{DNACip}}"
					],
					"path": [
						"dna",
						"system",
						"api",
						"v1",
						"auth",
						"token"
					]
				}
			},
			"response": []
		},
		{
			"name": "Get Devices",
			"event": [
				{
					"listen": "test",
					"script": {
						"exec": [
							"var jsonData = JSON.parse(responseBody);",
							"for (var i = 0;i<jsonData.response.length;i++) {",
							"  if (jsonData.response[i].managementIpAddress == pm.environment.get(\"TargetDevice\")) {",
							"    postman.setEnvironmentVariable(\"TargetDeviceId\", jsonData[\"response\"][i][\"id\"]); ",
							"    tests[\"Target Device Id acquired\"] = true;",
							"    }",
							"}",
							"setTimeout(function(){}, [25000]);",
							"postman.setNextRequest(\"Get Configuration\")"
						],
						"type": "text/javascript"
					}
				}
			],
			"request": {
				"method": "GET",
				"header": [
					{
						"key": "Content-Type",
						"value": "application/json",
						"type": "text"
					},
					{
						"key": "X-Auth-Token",
						"value": "{{TOKEN}}",
						"type": "text"
					}
				],
				"url": {
					"raw": "https://198.18.129.100/api/v1/network-device",
					"protocol": "https",
					"host": [
						"198",
						"18",
						"129",
						"100"
					],
					"path": [
						"api",
						"v1",
						"network-device"
					]
				}
			},
			"response": []
		},
		{
			"name": "Get Configuration",
			"event": [
				{
					"listen": "prerequest",
					"script": {
						"exec": [
							"pm.environment.get(\"TargetDeviceId\");",
							"pm.environment.get(\"ConfigZipFilePwd\");"
						],
						"type": "text/javascript"
					}
				},
				{
					"listen": "test",
					"script": {
						"exec": [
							"var jsonData = JSON.parse(responseBody);",
							"if (jsonData.response.taskId) {",
							"  tests[\"Body has taskId\"] = true;",
							"  postman.setEnvironmentVariable(\"ConfigurationTaskId\", jsonData.response.taskId);",
							"}",
							"else {",
							"  tests[\"Body has taskId\"] = false;",
							"  postman.setNextRequest(\"null\");",
							"}",
							"setTimeout(function(){}, [25000]);",
							"postman.setNextRequest(\"Get Task Id\")"
						],
						"type": "text/javascript"
					}
				}
			],
			"request": {
				"method": "POST",
				"header": [
					{
						"key": "Content-Type",
						"value": "application/json",
						"type": "text"
					},
					{
						"key": "X-Auth-Token",
						"value": "{{TOKEN}}",
						"type": "text"
					}
				],
				"body": {
					"mode": "raw",
					"raw": "{\n    \"deviceId\": [ \"{{TargetDeviceId}}\" ],\n    \"password\": \"{{ConfigZipFilePwd}}\"\n}",
					"options": {
						"raw": {
							"language": "json"
						}
					}
				},
				"url": {
					"raw": "https://{{DNACip}}/dna/intent/api/v1/network-device-archive/cleartext",
					"protocol": "https",
					"host": [
						"{{DNACip}}"
					],
					"path": [
						"dna",
						"intent",
						"api",
						"v1",
						"network-device-archive",
						"cleartext"
					]
				}
			},
			"response": []
		},
		{
			"name": "Get Task Id",
			"event": [
				{
					"listen": "test",
					"script": {
						"exec": [
							"var jsonData = JSON.parse(responseBody);",
							"if (jsonData.response.additionalStatusURL) {",
							"  tests[\"Body has file URL\"] = true;",
							"  postman.setEnvironmentVariable(\"ConfigurationFileId\", jsonData[\"response\"][\"additionalStatusURL\"]); ",
							"}",
							"else {",
							"  tests[\"Body has no file URL\"] = false;",
							"  postman.setNextRequest(\"null\");",
							"}",
							"setTimeout(function(){}, [25000]);",
							"postman.setNextRequest(\"Get Results\")"
						],
						"type": "text/javascript"
					}
				},
				{
					"listen": "prerequest",
					"script": {
						"exec": [
							"pm.environment.get(\"ConfigurationTaskId\");"
						],
						"type": "text/javascript"
					}
				}
			],
			"protocolProfileBehavior": {
				"disableBodyPruning": true
			},
			"request": {
				"method": "GET",
				"header": [
					{
						"key": "Content-Type",
						"value": "application/json",
						"type": "text"
					},
					{
						"key": "X-Auth-Token",
						"value": "{{TOKEN}}",
						"type": "text"
					}
				],
				"body": {
					"mode": "raw",
					"raw": ""
				},
				"url": {
					"raw": "https://{{DNACip}}/dna/intent/api/v1/task/{{ConfigurationTaskId}}",
					"protocol": "https",
					"host": [
						"{{DNACip}}"
					],
					"path": [
						"dna",
						"intent",
						"api",
						"v1",
						"task",
						"{{ConfigurationTaskId}}"
					]
				}
			},
			"response": []
		},
		{
			"name": "Get Results",
			"event": [
				{
					"listen": "prerequest",
					"script": {
						"exec": [
							""
						],
						"type": "text/javascript"
					}
				},
				{
					"listen": "test",
					"script": {
						"exec": [
							"let pwd = pm.environment.get(\"ConfigZipFilePwd\");",
							"tests[\"Please use \"+ pwd + \" to open file\"] = true;",
							""
						],
						"type": "text/javascript"
					}
				}
			],
			"request": {
				"method": "GET",
				"header": [
					{
						"key": "Content-Type",
						"value": "application/json",
						"type": "text"
					},
					{
						"key": "X-Auth-Token",
						"value": "{{TOKEN}}",
						"type": "text"
					}
				],
				"url": {
					"raw": "https://{{DNACip}}{{ConfigurationFileId}}",
					"protocol": "https",
					"host": [
						"{{DNACip}}{{ConfigurationFileId}}"
					]
				}
			},
			"response": []
		}
	]
}