{
	"info": {
		"_postman_id": "7c732e16-59cd-4496-8859-585a70e3bd1e",
		"name": "DNE LAB 1.1 - Build Hierarchy Student",
		"description": "This Collection is designed for the student to build a Hierarchy within DNA Center off the Global Site.  \n  \nThe students Hierarchy will include the area with the student number with a building and floor built off that area.  \n\nExample:  \nGlobal > Student-12 > Building > Floor 1",
		"schema": "https://schema.getpostman.com/json/collection/v2.1.0/collection.json",
		"_exporter_id": "13375428"
	},
	"item": [
		{
			"name": "DNAC Token",
			"event": [
				{
					"listen": "test",
					"script": {
						"exec": [
							"var jsonData = JSON.parse(responseBody);\r",
							"if (jsonData.Token) {\r",
							"  tests[\"Body has Token\"] = true;\r",
							"  postman.setEnvironmentVariable(\"TOKEN\", jsonData[\"Token\"]); \r",
							"}\r",
							"else {\r",
							"  tests[\"Body has no Token\"] = false;\r",
							"  postman.setNextRequest(\"null\");\r",
							"}\r",
							"postman.setNextRequest(\"Create Area\")"
						],
						"type": "text/javascript"
					}
				}
			],
			"protocolProfileBehavior": {
				"strictSSL": false
			},
			"request": {
				"auth": {
					"type": "basic",
					"basic": [
						{
							"key": "password",
							"value": "{{DNACpwd}}",
							"type": "string"
						},
						{
							"key": "username",
							"value": "{{DNACuser}}",
							"type": "string"
						}
					]
				},
				"method": "POST",
				"header": [
					{
						"key": "Content-Type",
						"value": "application/json",
						"type": "text"
					}
				],
				"body": {
					"mode": "raw",
					"raw": ""
				},
				"url": {
					"raw": "https://{{DNACip}}/dna/system/api/v1/auth/token",
					"protocol": "https",
					"host": [
						"{{DNACip}}"
					],
					"path": [
						"dna",
						"system",
						"api",
						"v1",
						"auth",
						"token"
					]
				}
			},
			"response": []
		},
		{
			"name": "Create Area",
			"event": [
				{
					"listen": "test",
					"script": {
						"exec": [
							"var jsonData = JSON.parse(responseBody);\r",
							"if ((jsonData.executionId) && (jsonData.message == \"The request has been accepted for execution\")) {\r",
							"  tests[\"Area has been created\"] = true;\r",
							"}\r",
							"else {\r",
							"  tests[\"Area has not been created\"] = false;\r",
							"  postman.setNextRequest(\"null\");\r",
							"}\r",
							"setTimeout(function(){}, [25000]);\r",
							"postman.setNextRequest(\"Create Building\")"
						],
						"type": "text/javascript"
					}
				},
				{
					"listen": "prerequest",
					"script": {
						"exec": [
							"pm.environment.get(\"HierarchyParent\");\r",
							"pm.environment.get(\"HierarchyArea\");\r",
							"let Counter = 0\r",
							"postman.setEnvironmentVariable(\"FLAG\", Counter);\r",
							""
						],
						"type": "text/javascript"
					}
				}
			],
			"request": {
				"method": "POST",
				"header": [
					{
						"key": "Content-Type",
						"value": "application/json",
						"type": "text"
					},
					{
						"key": "X-Auth-Token",
						"value": "{{TOKEN}}",
						"type": "text"
					},
					{
						"key": "Accept",
						"value": "application/json",
						"type": "text"
					}
				],
				"body": {
					"mode": "raw",
					"raw": "{\r\n    \"type\": \"area\",\r\n    \"site\": {\r\n        \"area\": {\r\n            \"name\": \"{{HierarchyArea}}\",\r\n            \"parentName\": \"{{HierarchyParent}}\"\r\n        }\r\n    }\r\n}"
				},
				"url": {
					"raw": "https://{{DNACip}}/dna/intent/api/v1/site",
					"protocol": "https",
					"host": [
						"{{DNACip}}"
					],
					"path": [
						"dna",
						"intent",
						"api",
						"v1",
						"site"
					]
				}
			},
			"response": []
		},
		{
			"name": "Create Building",
			"event": [
				{
					"listen": "test",
					"script": {
						"exec": [
							"var jsonData = JSON.parse(responseBody);\r",
							"if ((jsonData.executionId) && (jsonData.message == \"The request has been accepted for execution\")) {\r",
							"  tests[\"Building has been created\"] = true;\r",
							"}\r",
							"else {\r",
							"  tests[\"Building has not been created\"] = false;\r",
							"  postman.setNextRequest(\"null\");\r",
							"}\r",
							"setTimeout(function(){}, [25000]);\r",
							"postman.setNextRequest(\"Create Floor\")"
						],
						"type": "text/javascript"
					}
				},
				{
					"listen": "prerequest",
					"script": {
						"exec": [
							"pm.environment.get(\"HierarchyParent\");\r",
							"pm.environment.get(\"HierarchyArea\");\r",
							"pm.environment.get(\"HierarchyBldg\");\r",
							"pm.environment.get(\"HierarchyBldgAddress\");"
						],
						"type": "text/javascript"
					}
				}
			],
			"request": {
				"method": "POST",
				"header": [
					{
						"key": "Content-Type",
						"value": "application/json",
						"type": "text"
					},
					{
						"key": "X-Auth-Token",
						"value": "{{TOKEN}}",
						"type": "text"
					},
					{
						"key": "Accept",
						"value": "application/json",
						"type": "text"
					}
				],
				"body": {
					"mode": "raw",
					"raw": "{\r\n    \"type\": \"building\",\r\n    \"site\": {\r\n        \"building\": {\r\n            \"name\": \"{{HierarchyBldg}}\",\r\n            \"address\": \"{{HierarchyBldgAddress}}\",\r\n            \"parentName\": \"{{HierarchyParent}}/{{HierarchyArea}}\"\r\n        }\r\n    }\r\n}"
				},
				"url": {
					"raw": "https://{{DNACip}}/dna/intent/api/v1/site",
					"protocol": "https",
					"host": [
						"{{DNACip}}"
					],
					"path": [
						"dna",
						"intent",
						"api",
						"v1",
						"site"
					]
				}
			},
			"response": []
		},
		{
			"name": "Create Floor",
			"event": [
				{
					"listen": "test",
					"script": {
						"exec": [
							"var jsonData = JSON.parse(responseBody);\r",
							"if ((jsonData.executionId) && (jsonData.message == \"The request has been accepted for execution\")) {\r",
							"  tests[\"Floor has been created\"] = true;\r",
							"}\r",
							"else {\r",
							"  tests[\"Floor has not been created\"] = false;\r",
							"  postman.setNextRequest(\"null\");\r",
							"}\r",
							""
						],
						"type": "text/javascript"
					}
				},
				{
					"listen": "prerequest",
					"script": {
						"exec": [
							"pm.environment.get(\"HierarchyParent\");\r",
							"pm.environment.get(\"HierarchyArea\");\r",
							"pm.environment.get(\"HierarchyBldg\");\r",
							"pm.environment.get(\"HierarchyBldgAddress\");\r",
							"pm.environment.get(\"HierarchyFloor\");"
						],
						"type": "text/javascript"
					}
				}
			],
			"request": {
				"method": "POST",
				"header": [
					{
						"key": "Content-Type",
						"value": "application/json",
						"type": "text"
					},
					{
						"key": "X-Auth-Token",
						"value": "{{TOKEN}}",
						"type": "text"
					},
					{
						"key": "Accept",
						"value": "application/json",
						"type": "text"
					}
				],
				"body": {
					"mode": "raw",
					"raw": "{\r\n    \"type\": \"floor\",\r\n    \"site\": {\r\n        \"floor\": {\r\n            \"name\": \"{{HierarchyFloor}}\",\r\n            \"parentName\": \"{{HierarchyParent}}/{{HierarchyArea}}/{{HierarchyBldg}}\",\r\n            \"rfModel\": \"Cubes And Walled Offices\",\r\n            \"width\": \"100\",\r\n            \"length\": \"100\",\r\n            \"height\": \"10\"\r\n        }\r\n    }\r\n}"
				},
				"url": {
					"raw": "https://{{DNACip}}/dna/intent/api/v1/site",
					"protocol": "https",
					"host": [
						"{{DNACip}}"
					],
					"path": [
						"dna",
						"intent",
						"api",
						"v1",
						"site"
					]
				}
			},
			"response": []
		}
	]
}