{
	"info": {
		"_postman_id": "2fc6b906-46fa-4aa8-b7be-99e26929ed5d",
		"name": "DNE LAB 1.4 - Command Runner Student",
		"description": "This Collection is designed for the student to test running a show command against a piece of equipment and display that within Postman. This collection will be run one task at a time.",
		"schema": "https://schema.getpostman.com/json/collection/v2.1.0/collection.json",
		"_exporter_id": "13375428"
	},
	"item": [
		{
			"name": "DNAC Token",
			"event": [
				{
					"listen": "test",
					"script": {
						"exec": [
							"var jsonData = JSON.parse(responseBody);\r",
							"if (jsonData.Token) {\r",
							"  tests[\"Body has Token\"] = true;\r",
							"  postman.setEnvironmentVariable(\"TOKEN\", jsonData[\"Token\"]); \r",
							"}\r",
							"else {\r",
							"  tests[\"Body has no Token\"] = false;\r",
							"  postman.setNextRequest(\"null\");\r",
							"}\r",
							"postman.setNextRequest(\"Get Devices\")"
						],
						"type": "text/javascript"
					}
				}
			],
			"protocolProfileBehavior": {
				"strictSSL": false
			},
			"request": {
				"auth": {
					"type": "basic",
					"basic": [
						{
							"key": "password",
							"value": "{{DNACpwd}}",
							"type": "string"
						},
						{
							"key": "username",
							"value": "{{DNACuser}}",
							"type": "string"
						}
					]
				},
				"method": "POST",
				"header": [
					{
						"key": "Content-Type",
						"value": "application/json",
						"type": "text"
					}
				],
				"body": {
					"mode": "raw",
					"raw": ""
				},
				"url": {
					"raw": "https://{{DNACip}}/dna/system/api/v1/auth/token",
					"protocol": "https",
					"host": [
						"{{DNACip}}"
					],
					"path": [
						"dna",
						"system",
						"api",
						"v1",
						"auth",
						"token"
					]
				}
			},
			"response": []
		},
		{
			"name": "Get Devices",
			"event": [
				{
					"listen": "test",
					"script": {
						"exec": [
							"var jsonData = JSON.parse(responseBody);",
							"for (var i = 0;i<jsonData.response.length;i++) {",
							"  if (jsonData.response[i].managementIpAddress == pm.environment.get(\"TargetDevice\")) {",
							"    postman.setEnvironmentVariable(\"TargetDeviceId\", jsonData[\"response\"][i][\"id\"]); ",
							"    tests[\"Target device Id acquired\"] = true;",
							"  }",
							"}",
							"setTimeout(function(){}, [25000]);",
							"postman.setNextRequest(\"Command Runner\")"
						],
						"type": "text/javascript"
					}
				}
			],
			"request": {
				"method": "GET",
				"header": [
					{
						"key": "Content-Type",
						"value": "application/json",
						"type": "text"
					},
					{
						"key": "X-Auth-Token",
						"value": "{{TOKEN}}",
						"type": "text"
					}
				],
				"url": {
					"raw": "https://{{DNACip}}/dna/intent/api/v1/network-device",
					"protocol": "https",
					"host": [
						"{{DNACip}}"
					],
					"path": [
						"dna",
						"intent",
						"api",
						"v1",
						"network-device"
					]
				}
			},
			"response": []
		},
		{
			"name": "Command Runner",
			"event": [
				{
					"listen": "test",
					"script": {
						"exec": [
							"var jsonData = JSON.parse(responseBody);",
							"if (jsonData.response.taskId) {",
							"  tests[\"Body has taskId\"] = true;",
							"  postman.setEnvironmentVariable(\"CommandRunnerTaskId\", jsonData.response.taskId);",
							"}",
							"else {",
							"  tests[\"Body has taskId\"] = false;",
							"  postman.setNextRequest(\"null\");",
							"}",
							"setTimeout(function(){}, [25000]);",
							"postman.setNextRequest(\"Get Task Id\")"
						],
						"type": "text/javascript"
					}
				},
				{
					"listen": "prerequest",
					"script": {
						"exec": [
							"pm.environment.get(\"TargetDeviceId\");"
						],
						"type": "text/javascript"
					}
				}
			],
			"request": {
				"method": "POST",
				"header": [
					{
						"key": "Content-Type",
						"value": "application/json",
						"type": "text"
					},
					{
						"key": "X-Auth-Token",
						"value": "{{TOKEN}}",
						"type": "text"
					}
				],
				"body": {
					"mode": "raw",
					"raw": "{\n    \"commands\": [\n        \"show cdp neighbor\"\n    ],\n    \"deviceUuids\": [\n        \"{{TargetDeviceId}}\"\n    ]\n}\n"
				},
				"url": {
					"raw": "https://{{DNACip}}/dna/intent/api/v1/network-device-poller/cli/read-request",
					"protocol": "https",
					"host": [
						"{{DNACip}}"
					],
					"path": [
						"dna",
						"intent",
						"api",
						"v1",
						"network-device-poller",
						"cli",
						"read-request"
					]
				}
			},
			"response": []
		},
		{
			"name": "Get Task Id",
			"event": [
				{
					"listen": "test",
					"script": {
						"exec": [
							"var jsonData = JSON.parse(responseBody);",
							"if (jsonData.response.progress) {",
							"  tests[\"Body has fileId\"] = true;",
							"  var prog = JSON.parse(jsonData.response.progress)",
							"  postman.setEnvironmentVariable(\"CommandRunnerFileId\", prog.fileId);",
							"}",
							"else {",
							"  tests[\"Body has no fileId\"] = false;",
							"  postman.setNextRequest(\"null\");",
							"}",
							"setTimeout(function(){}, [25000]);",
							"postman.setNextRequest(\"Get Results\")"
						],
						"type": "text/javascript"
					}
				},
				{
					"listen": "prerequest",
					"script": {
						"exec": [
							"pm.environment.get(\"CommandRunnerTaskId\");"
						],
						"type": "text/javascript"
					}
				}
			],
			"protocolProfileBehavior": {
				"disableBodyPruning": true
			},
			"request": {
				"method": "GET",
				"header": [
					{
						"key": "Content-Type",
						"value": "application/json",
						"type": "text"
					},
					{
						"key": "X-Auth-Token",
						"value": "{{TOKEN}}",
						"type": "text"
					}
				],
				"body": {
					"mode": "raw",
					"raw": ""
				},
				"url": {
					"raw": "https://{{DNACip}}/dna/intent/api/v1/task/{{CommandRunnerTaskId}}",
					"protocol": "https",
					"host": [
						"{{DNACip}}"
					],
					"path": [
						"dna",
						"intent",
						"api",
						"v1",
						"task",
						"{{CommandRunnerTaskId}}"
					]
				}
			},
			"response": []
		},
		{
			"name": "Get Results",
			"event": [
				{
					"listen": "prerequest",
					"script": {
						"exec": [
							""
						],
						"type": "text/javascript"
					}
				},
				{
					"listen": "test",
					"script": {
						"exec": [
							"var jsonData = JSON.parse(responseBody);",
							"postman.setEnvironmentVariable(\"CommandRunnerResults\", jsonData);",
							"tests[\"Please Examine Response Body\"] = true;",
							""
						],
						"type": "text/javascript"
					}
				}
			],
			"request": {
				"method": "GET",
				"header": [
					{
						"key": "Content-Type",
						"value": "application/json",
						"type": "text"
					},
					{
						"key": "X-Auth-Token",
						"value": "{{TOKEN}}",
						"type": "text"
					}
				],
				"url": {
					"raw": "https://{{DNACip}}/dna/intent/api/v1/file/{{CommandRunnerFileId}}",
					"protocol": "https",
					"host": [
						"{{DNACip}}"
					],
					"path": [
						"dna",
						"intent",
						"api",
						"v1",
						"file",
						"{{CommandRunnerFileId}}"
					]
				}
			},
			"response": []
		}
	]
}