{
	"info": {
		"_postman_id": "4b301bf0-3e17-43af-9dd5-ba8df4a8a22b",
		"name": "DNE LAB 1.5 - Device Inventory Student",
		"description": "This Collection is designed for the student to display the inventory.",
		"schema": "https://schema.getpostman.com/json/collection/v2.1.0/collection.json",
		"_exporter_id": "13375428"
	},
	"item": [
		{
			"name": "DNAC Token",
			"event": [
				{
					"listen": "test",
					"script": {
						"exec": [
							"var jsonData = JSON.parse(responseBody);\r",
							"if (jsonData.Token) {\r",
							"  tests[\"Body has Token\"] = true;\r",
							"  postman.setEnvironmentVariable(\"TOKEN\", jsonData[\"Token\"]); \r",
							"}\r",
							"else {\r",
							"  tests[\"Body has no Token\"] = false;\r",
							"  postman.setNextRequest(\"null\");\r",
							"}\r",
							"postman.setNextRequest(\"Get Devices\")"
						],
						"type": "text/javascript"
					}
				}
			],
			"protocolProfileBehavior": {
				"strictSSL": false
			},
			"request": {
				"auth": {
					"type": "basic",
					"basic": [
						{
							"key": "password",
							"value": "{{DNACpwd}}",
							"type": "string"
						},
						{
							"key": "username",
							"value": "{{DNACuser}}",
							"type": "string"
						}
					]
				},
				"method": "POST",
				"header": [
					{
						"key": "Content-Type",
						"value": "application/json",
						"type": "text"
					}
				],
				"body": {
					"mode": "raw",
					"raw": ""
				},
				"url": {
					"raw": "https://{{DNACip}}/dna/system/api/v1/auth/token",
					"protocol": "https",
					"host": [
						"{{DNACip}}"
					],
					"path": [
						"dna",
						"system",
						"api",
						"v1",
						"auth",
						"token"
					]
				}
			},
			"response": []
		},
		{
			"name": "Get Devices",
			"event": [
				{
					"listen": "test",
					"script": {
						"exec": [
							"var jsonData = JSON.parse(responseBody);",
							"if (0<jsonData.response.length) {",
							"    tests[\"Device list acquired\"] = true;",
							"}",
							""
						],
						"type": "text/javascript"
					}
				}
			],
			"request": {
				"method": "GET",
				"header": [
					{
						"key": "Content-Type",
						"value": "application/json",
						"type": "text"
					},
					{
						"key": "X-Auth-Token",
						"value": "{{TOKEN}}",
						"type": "text"
					}
				],
				"url": {
					"raw": "https://198.18.129.100/api/v1/network-device",
					"protocol": "https",
					"host": [
						"198",
						"18",
						"129",
						"100"
					],
					"path": [
						"api",
						"v1",
						"network-device"
					]
				}
			},
			"response": []
		}
	]
}