{
	"info": {
		"_postman_id": "464f23a8-3e17-4098-8040-ba0cc081314e",
		"name": "DNE LAB 1.2 - Settings Student",
		"description": "This Collection is designed for the student to build out the settings for their Hierarchies area within DNA Center.  \n  \nThe students settings will include a modified timezone and banner to show inheritance and override capabilities.  \n\nThe credentials will be set as to match the rest of the environment.",
		"schema": "https://schema.getpostman.com/json/collection/v2.1.0/collection.json",
		"_exporter_id": "13375428"
	},
	"item": [
		{
			"name": "DNAC Token",
			"event": [
				{
					"listen": "test",
					"script": {
						"exec": [
							"var jsonData = JSON.parse(responseBody);\r",
							"if (jsonData.Token) {\r",
							"  tests[\"Body has Token\"] = true;\r",
							"  postman.setEnvironmentVariable(\"TOKEN\", jsonData[\"Token\"]); \r",
							"}\r",
							"else {\r",
							"  tests[\"Body has no Token\"] = false;\r",
							"  postman.setNextRequest(\"null\");\r",
							"}\r",
							"postman.setNextRequest(\"Get Global SiteID\")"
						],
						"type": "text/javascript"
					}
				}
			],
			"protocolProfileBehavior": {
				"strictSSL": false
			},
			"request": {
				"auth": {
					"type": "basic",
					"basic": [
						{
							"key": "password",
							"value": "{{DNACpwd}}",
							"type": "string"
						},
						{
							"key": "username",
							"value": "{{DNACuser}}",
							"type": "string"
						}
					]
				},
				"method": "POST",
				"header": [
					{
						"key": "Content-Type",
						"value": "application/json",
						"type": "text"
					}
				],
				"body": {
					"mode": "raw",
					"raw": ""
				},
				"url": {
					"raw": "https://{{DNACip}}/dna/system/api/v1/auth/token",
					"protocol": "https",
					"host": [
						"{{DNACip}}"
					],
					"path": [
						"dna",
						"system",
						"api",
						"v1",
						"auth",
						"token"
					]
				}
			},
			"response": []
		},
		{
			"name": "Get Global SiteID",
			"event": [
				{
					"listen": "test",
					"script": {
						"exec": [
							"var jsonData = JSON.parse(responseBody);\r",
							"for (var i = 0;i<jsonData.response.length;i++) {\r",
							"if (jsonData.response[i].name == pm.environment.get(\"HierarchyParent\")) {\r",
							"postman.setEnvironmentVariable(\"GlobalSiteId\", jsonData[\"response\"][i][\"id\"]);\r",
							"tests[\"Global Site Id acquired\"] = true; \r",
							"}\r",
							"else if (jsonData.response[i].name == pm.environment.get(\"HierarchyArea\")) {\r",
							"postman.setEnvironmentVariable(\"AreaSiteId\", jsonData[\"response\"][i][\"id\"]); \r",
							"tests[\"Area Site Id acquired\"] = true; \r",
							"}\r",
							"else if (jsonData.response[i].name == pm.environment.get(\"HierarchyBldg\")) {\r",
							"postman.setEnvironmentVariable(\"BuildingSiteId\", jsonData[\"response\"][i][\"id\"]); \r",
							"tests[\"Building Site Id acquired\"] = true; \r",
							"} \r",
							"else if (jsonData.response[i].name == pm.environment.get(\"HierarchyFloor\")) {\r",
							"postman.setEnvironmentVariable(\"FloorSiteId\", jsonData[\"response\"][i][\"id\"]);\r",
							"tests[\"Floor Site Id acquired\"] = true; \r",
							"}\r",
							"}\r",
							"setTimeout(function(){}, [25000]);\r",
							"postman.setNextRequest(\"Create Settings\")\r",
							"\r",
							""
						],
						"type": "text/javascript"
					}
				}
			],
			"protocolProfileBehavior": {
				"disableBodyPruning": true,
				"strictSSL": false
			},
			"request": {
				"method": "GET",
				"header": [
					{
						"key": "Content-Type",
						"value": "application/json",
						"type": "text"
					},
					{
						"key": "X-Auth-Token",
						"value": "{{TOKEN}}",
						"type": "text"
					},
					{
						"key": "Accept",
						"value": "application/json",
						"type": "default"
					}
				],
				"body": {
					"mode": "raw",
					"raw": ""
				},
				"url": {
					"raw": "https://{{DNACip}}/dna/intent/api/v1/site",
					"protocol": "https",
					"host": [
						"{{DNACip}}"
					],
					"path": [
						"dna",
						"intent",
						"api",
						"v1",
						"site"
					]
				}
			},
			"response": []
		},
		{
			"name": "Create Settings",
			"event": [
				{
					"listen": "test",
					"script": {
						"exec": [
							"var jsonData = JSON.parse(responseBody);\r",
							"if ((jsonData.executionId) && (jsonData.message == \"The request has been accepted for execution\")) {\r",
							"  tests[\"Area settings created\"] = true;\r",
							"}\r",
							"else {\r",
							"  tests[\"Area settings not created\"] = false;\r",
							"  postman.setNextRequest(\"null\");\r",
							"}\r",
							"setTimeout(function(){}, [15000]);\r",
							"postman.setNextRequest(\"Create Credentials\")"
						],
						"type": "text/javascript"
					}
				},
				{
					"listen": "prerequest",
					"script": {
						"exec": [
							"pm.environment.get(\"domainName\");\r",
							"pm.environment.get(\"dnsServer1\");\r",
							"pm.environment.get(\"dnsServer2\");\r",
							"pm.environment.get(\"dhcpServer\");\r",
							"pm.environment.get(\"syslogServer\");\r",
							"pm.environment.get(\"syslogBoolean\");\r",
							"pm.environment.get(\"netflowServer\");\r",
							"pm.environment.get(\"netflowPort\");\r",
							"pm.environment.get(\"netflowBoolean\");\r",
							"pm.environment.get(\"ntpServer\");\r",
							"pm.environment.get(\"timeZone\");\r",
							"pm.environment.get(\"aaaEndpointServer\");\r",
							"pm.environment.get(\"aaaEndpointIpAddress\");\r",
							"pm.environment.get(\"aaaEndpointProtocol\");\r",
							"pm.environment.get(\"aaaEndpointSharedSecret\");\r",
							"pm.environment.get(\"bannerMessage\");\r",
							"pm.environment.get(\"bannerBoolean\");\r",
							"\r",
							""
						],
						"type": "text/javascript"
					}
				}
			],
			"request": {
				"method": "POST",
				"header": [
					{
						"key": "Content-Type",
						"value": "application/json",
						"type": "text"
					},
					{
						"key": "X-Auth-Token",
						"value": "{{TOKEN}}",
						"type": "text"
					},
					{
						"key": "Accept",
						"value": "application/json",
						"type": "text"
					}
				],
				"body": {
					"mode": "raw",
					"raw": "{\r\n    \"settings\": {\r\n        \"dhcpServer\": [\r\n            \"{{dhcpServer}}\"\r\n        ],\r\n        \"dnsServer\": {\r\n            \"domainName\": \"{{domainName}}\",\r\n            \"primaryIpAddress\": \"{{dnsServer1}}\"\r\n        },\r\n           \"syslogServer\": {\r\n            \"ipAddresses\": [\r\n                \"{{syslogServer}}\"\r\n            ],\r\n            \"configureDnacIP\": {{syslogBoolean}}\r\n        },\r\n        \"snmpServer\": {\r\n            \"ipAddresses\": [\r\n                \"{{snmpServer}}\"\r\n            ],\r\n            \"configureDnacIP\": {{snmpBoolean}}\r\n        },\r\n        \"netflowcollector\": {\r\n            \"ipAddress\": \"{{netflowServer}}\",\r\n            \"port\": {{netflowPort}},\r\n            \"configureDnacIP\": {{netflowBoolean}}\r\n        },\r\n        \"ntpServer\": [\r\n            \"{{ntpServer}}\"\r\n        ],\r\n        \"timezone\": \"{{timeZone}}\",\r\n        \"messageOfTheday\": {\r\n            \"bannerMessage\": \"{{bannerMessage}}\",\r\n            \"retainExistingBanner\": \"{{bannerBoolean}}\"\r\n\t\t}    \r\n    }\r\n}"
				},
				"url": {
					"raw": "https://{{DNACip}}/dna/intent/api/v1/network/{{AreaSiteId}}",
					"protocol": "https",
					"host": [
						"{{DNACip}}"
					],
					"path": [
						"dna",
						"intent",
						"api",
						"v1",
						"network",
						"{{AreaSiteId}}"
					]
				}
			},
			"response": []
		},
		{
			"name": "Create Credentials",
			"event": [
				{
					"listen": "test",
					"script": {
						"exec": [
							"var jsonData = JSON.parse(responseBody);\r",
							"if ((jsonData.executionId) && (jsonData.message == \"The request has been accepted for execution\")) {\r",
							"  tests[\"Credentials created\"] = true;\r",
							"}\r",
							"else {\r",
							"  tests[\"Credentials not created\"] = false;\r",
							"  postman.setNextRequest(\"null\");\r",
							"}\r",
							"setTimeout(function(){}, [15000]);\r",
							"postman.setNextRequest(\"Get Credentials\")"
						],
						"type": "text/javascript"
					}
				},
				{
					"listen": "prerequest",
					"script": {
						"exec": [
							"pm.environment.get(\"DcloudUser\");\r",
							"pm.environment.get(\"DcloudPwd\");\r",
							"pm.environment.get(\"DcloudSnmpRO\");\r",
							"pm.environment.get(\"DcloudSnmpRO-Desc\");\r",
							"pm.environment.get(\"DcloudSnmpRW\");\r",
							"pm.environment.get(\"DcloudSnmpRW-Desc\");\r",
							"pm.environment.get(\"DcloudNetconf\");"
						],
						"type": "text/javascript"
					}
				}
			],
			"request": {
				"method": "POST",
				"header": [
					{
						"key": "Content-Type",
						"value": "application/json",
						"type": "text"
					},
					{
						"key": "X-Auth-Token",
						"value": "{{TOKEN}}",
						"type": "text"
					},
					{
						"key": "Accept",
						"value": "application/json",
						"type": "text"
					}
				],
				"body": {
					"mode": "raw",
					"raw": "{\r\n    \"settings\": {\r\n        \"cliCredential\": [\r\n            {\r\n                \"description\": \"{{DcloudUser}}\",\r\n                \"username\": \"{{DcloudUser}}\",\r\n                \"password\": \"{{DcloudPwd}}\",\r\n                \"enablePassword\": \"{{DcloudPwd}}\"\r\n            }\r\n        ],\r\n        \"snmpV2cRead\": [\r\n            {\r\n                \"description\": \"{{DcloudSnmpRO-Desc}}\",\r\n                \"readCommunity\": \"{{DcloudSnmpRO}}\"\r\n            }\r\n        ],\r\n        \"snmpV2cWrite\": [\r\n            {\r\n                \"description\": \"{{DcloudSnmpRW-Desc}}\",\r\n                \"writeCommunity\": \"{{DcloudSnmpRW}}\"\r\n            }\r\n        ]\r\n    }\r\n}"
				},
				"url": {
					"raw": "https://{{DNACip}}/dna/intent/api/v1/device-credential",
					"protocol": "https",
					"host": [
						"{{DNACip}}"
					],
					"path": [
						"dna",
						"intent",
						"api",
						"v1",
						"device-credential"
					]
				}
			},
			"response": []
		},
		{
			"name": "Get Credentials",
			"event": [
				{
					"listen": "test",
					"script": {
						"exec": [
							"var jsonData = JSON.parse(responseBody);\r",
							"for (var i = 0;i<jsonData.snmp_v2_read.length;i++) {\r",
							"if (jsonData.snmp_v2_read[i].description == pm.environment.get(\"DcloudSnmpRO-Desc\")) {\r",
							"  postman.setEnvironmentVariable(\"GlobalCredentialSnmpRO\", jsonData[\"snmp_v2_read\"][i][\"id\"]);\r",
							"  tests[\"SNMP RO credentials acquired\"] = true;\r",
							"}\r",
							"}\r",
							"for (var i = 0;i<jsonData.snmp_v2_write.length;i++) {\r",
							"if (jsonData.snmp_v2_write[i].description == pm.environment.get(\"DcloudSnmpRW-Desc\")) {\r",
							"  postman.setEnvironmentVariable(\"GlobalCredentialSnmpRW\", jsonData[\"snmp_v2_write\"][i][\"id\"]);\r",
							"  tests[\"SNMP RW credentials acquired\"] = true;\r",
							"}\r",
							"}\r",
							"for (var i = 0;i<jsonData.cli.length;i++) {\r",
							"if (jsonData.cli[i].username == pm.environment.get(\"DcloudUser\")) {\r",
							"  postman.setEnvironmentVariable(\"GlobalCredentialCli\", jsonData[\"cli\"][i][\"id\"]);\r",
							"  tests[\"CLI credentials acquired\"] = true;\r",
							"}\r",
							"}\r",
							"setTimeout(function(){}, [15000]);\r",
							"postman.setNextRequest(\"Assign Credentials\")"
						],
						"type": "text/javascript"
					}
				}
			],
			"protocolProfileBehavior": {
				"disableBodyPruning": true
			},
			"request": {
				"method": "GET",
				"header": [
					{
						"key": "Content-Type",
						"value": "application/json",
						"type": "text"
					},
					{
						"key": "X-Auth-Token",
						"value": "{{TOKEN}}",
						"type": "text"
					},
					{
						"key": "Accept",
						"value": "application/json",
						"type": "text"
					}
				],
				"body": {
					"mode": "raw",
					"raw": ""
				},
				"url": {
					"raw": "https://{{DNACip}}/dna/intent/api/v1/device-credential",
					"protocol": "https",
					"host": [
						"{{DNACip}}"
					],
					"path": [
						"dna",
						"intent",
						"api",
						"v1",
						"device-credential"
					]
				}
			},
			"response": []
		},
		{
			"name": "Assign Credentials",
			"event": [
				{
					"listen": "test",
					"script": {
						"exec": [
							"var jsonData = JSON.parse(responseBody);",
							"if ((jsonData.executionId) && (jsonData.message == \"The request has been accepted for execution\")) {",
							"  tests[\"Credentials assigned\"] = true;",
							"}",
							"else {",
							"  tests[\"Credentials not assigned\"] = false;",
							"  postman.setNextRequest(\"null\");",
							"}"
						],
						"type": "text/javascript"
					}
				},
				{
					"listen": "prerequest",
					"script": {
						"exec": [
							"pm.environment.get(\"GlobalCredentialCli\");\r",
							"pm.environment.get(\"GlobalCredentialSnmpRO\");\r",
							"pm.environment.get(\"GlobalCredentialSnmpRW\");"
						],
						"type": "text/javascript"
					}
				}
			],
			"request": {
				"method": "POST",
				"header": [
					{
						"key": "Content-Type",
						"value": "application/json",
						"type": "default"
					},
					{
						"key": "X-Auth-Token",
						"value": "{{TOKEN}}",
						"type": "default"
					},
					{
						"key": "Accept",
						"value": "application/json",
						"type": "default"
					}
				],
				"body": {
					"mode": "raw",
					"raw": "{\r\n    \"cliId\": \"{{GlobalCredentialCli}}\",\r\n    \"snmpV2ReadId\": \"{{GlobalCredentialSnmpRO}}\",\r\n    \"snmpV2WriteId\": \"{{GlobalCredentialSnmpRW}}\"\r\n}"
				},
				"url": {
					"raw": "https://{{DNACip}}/dna/intent/api/v1/credential-to-site/{{AreaSiteId}}",
					"protocol": "https",
					"host": [
						"{{DNACip}}"
					],
					"path": [
						"dna",
						"intent",
						"api",
						"v1",
						"credential-to-site",
						"{{AreaSiteId}}"
					]
				}
			},
			"response": []
		}
	]
}