{
	"id": "9e405da4-ece3-4782-bec3-c88ed4b20750",
	"name": "Catalyst Center API Environment",
	"values": [
		{
			"key": "CCip",
			"value": "198.18.129.100",
			"type": "default",
			"enabled": true
		},
		{
			"key": "CCuser",
			"value": "admin",
			"type": "default",
			"enabled": true
		},
		{
			"key": "CCpwd",
			"value": "C1sco12345",
			"type": "default",
			"enabled": true
		},
		{
			"key": "TOKEN",
			"value": "",
			"enabled": true
		},
		{
			"key": "HierarchyParent",
			"value": "Global",
			"type": "default",
			"enabled": true
		},
		{
			"key": "HierarchyArea",
			"value": "Student-1",
			"type": "default",
			"enabled": true
		},
		{
			"key": "HierarchyBldg",
			"value": "Building",
			"type": "default",
			"enabled": true
		},
		{
			"key": "HierarchyBldgAddress",
			"value": "Cisco Building 24, 510 McCarthy Blvd, Milpitas, CA 95035",
			"type": "default",
			"enabled": true
		},
		{
			"key": "HierarchyFloor",
			"value": "Floor 1",
			"type": "default",
			"enabled": true
		},
		{
			"key": "domainName",
			"value": "dcloud.cisco.com",
			"enabled": true
		},
		{
			"key": "dnsServer1",
			"value": "198.18.133.1",
			"enabled": true
		},
		{
			"key": "dnsServer2",
			"value": "198.18.133.1",
			"enabled": true
		},
		{
			"key": "dhcpServer",
			"value": "198.18.133.1",
			"enabled": true
		},
		{
			"key": "syslogServer",
			"value": "198.18.129.100",
			"enabled": true
		},
		{
			"key": "syslogBoolean",
			"value": "true",
			"enabled": true
		},
		{
			"key": "snmpServer",
			"value": "198.18.129.100",
			"enabled": true
		},
		{
			"key": "snmpBoolean",
			"value": "true",
			"enabled": true
		},
		{
			"key": "netflowServer",
			"value": "198.18.129.100",
			"enabled": true
		},
		{
			"key": "netflowPort",
			"value": "6007",
			"enabled": true
		},
		{
			"key": "netflowBoolean",
			"value": "true",
			"type": "default",
			"enabled": true
		},
		{
			"key": "ntpServer",
			"value": "198.18.133.1",
			"enabled": true
		},
		{
			"key": "aaaEndpointServer",
			"value": "ISE",
			"type": "default",
			"enabled": true
		},
		{
			"key": "aaaEndpointIpAddress",
			"value": "198.18.133.27",
			"type": "default",
			"enabled": true
		},
		{
			"key": "aaaEndpointProtocol",
			"value": "RADIUS",
			"type": "default",
			"enabled": true
		},
		{
			"key": "aaaEndpointSharedSecret",
			"value": "C1sco12345",
			"type": "default",
			"enabled": true
		},
		{
			"key": "timeZone",
			"value": "CST6CDT",
			"enabled": true
		},
		{
			"key": "bannerMessage",
			"value": "DNAC Template Lab!",
			"enabled": true
		},
		{
			"key": "bannerBoolean",
			"value": "false",
			"enabled": true
		},
		{
			"key": "GlobalCredentialCli",
			"value": "",
			"type": "default",
			"enabled": true
		},
		{
			"key": "GlobalCredentialSnmpRO",
			"value": "",
			"type": "default",
			"enabled": true
		},
		{
			"key": "GlobalCredentialSnmpRW",
			"value": "",
			"type": "default",
			"enabled": true
		},
		{
			"key": "GlobalCredentialNetconf",
			"value": "",
			"type": "default",
			"enabled": true
		},
		{
			"key": "TASKID",
			"value": "1648215604193",
			"type": "default",
			"enabled": true
		},
		{
			"key": "DiscoveryId",
			"value": "",
			"type": "default",
			"enabled": true
		},
		{
			"key": "DcloudDevices",
			"value": "198.19.1.2,198.19.2.2,198.18.133.145",
			"type": "default",
			"enabled": true
		},
		{
			"key": "DcloudNetconf",
			"value": "830",
			"type": "default",
			"enabled": true
		},
		{
			"key": "FLAG",
			"value": "0",
			"type": "default",
			"enabled": true
		},
		{
			"key": "TargetDevice",
			"value": "198.19.2.2",
			"type": "default",
			"enabled": true
		},
		{
			"key": "TargetDeviceId",
			"value": "",
			"type": "default",
			"enabled": true
		},
		{
			"key": "CommandRunnerTaskId",
			"value": "",
			"type": "default",
			"enabled": true
		},
		{
			"key": "CommandRunnerFileId",
			"value": "",
			"type": "default",
			"enabled": true
		},
		{
			"key": "CommandRunnerResults",
			"value": "",
			"type": "default",
			"enabled": true
		},
		{
			"key": "ConfigZipFilePwd",
			"value": "TestT3$t",
			"type": "default",
			"enabled": true
		},
		{
			"key": "ConfigurationTaskId",
			"value": "",
			"type": "default",
			"enabled": true
		},
		{
			"key": "ConfigurationFileId",
			"value": "",
			"type": "default",
			"enabled": true
		},
		{
			"key": "ConfigurationResults",
			"value": "",
			"type": "default",
			"enabled": true
		},
		{
			"key": "ProjectTaskId",
			"value": "",
			"type": "default",
			"enabled": true
		},
		{
			"key": "TemplateTaskId",
			"value": "",
			"type": "default",
			"enabled": true
		},
		{
			"key": "devicedata",
			"value": "",
			"type": "any",
			"enabled": true
		},
		{
			"key": "GlobalDcloudSnmpRO-Desc",
			"value": "",
			"type": "any",
			"enabled": true
		},
		{
			"key": "GlobalDcloudSnmpRO",
			"value": "",
			"type": "any",
			"enabled": true
		},
		{
			"key": "GlobalDcloudSnmpRW-Desc",
			"value": "",
			"type": "any",
			"enabled": true
		},
		{
			"key": "GlobalDcloudSnmpRW",
			"value": "",
			"type": "any",
			"enabled": true
		},
		{
			"key": "GlobalDcloudUser",
			"value": "",
			"type": "any",
			"enabled": true
		},
		{
			"key": "GlobalDcloudPwd",
			"value": "",
			"type": "any",
			"enabled": true
		},
		{
			"key": "SiteCredentialSnmpRO",
			"value": "",
			"type": "any",
			"enabled": true
		},
		{
			"key": "SiteCredentialSnmpRW",
			"value": "",
			"type": "any",
			"enabled": true
		},
		{
			"key": "SiteCredentialCli",
			"value": "",
			"type": "any",
			"enabled": true
		},
		{
			"key": "TargetDeviceIp",
			"value": "",
			"type": "any",
			"enabled": true
		},
		{
			"key": "TargetId",
			"value": "",
			"type": "default",
			"enabled": true
		},
		{
			"key": "ProjectName",
			"value": "",
			"type": "any",
			"enabled": true
		},
		{
			"key": "TemplateName",
			"value": "",
			"type": "any",
			"enabled": true
		},
		{
			"key": "ProjectId",
			"value": "",
			"type": "any",
			"enabled": true
		},
		{
			"key": "TemplateId",
			"value": "",
			"type": "any",
			"enabled": true
		},
		{
			"key": "DeviceId",
			"value": "",
			"type": "default",
			"enabled": true
		},
		{
			"key": "DeviceIp",
			"value": "",
			"type": "default",
			"enabled": true
		},
		{
			"key": "Devices",
			"value": "",
			"type": "any",
			"enabled": true
		}
	],
	"_postman_variable_scope": "environment",
	"_postman_exported_at": "2024-01-08T19:12:50.656Z",
	"_postman_exported_using": "Postman/10.21.11"
}