{
	"id": "515b6968-76f2-44a3-9cf0-efdf721e97b7",
	"name": "DNAC Template Labs",
	"values": [
		{
			"key": "DNACip",
			"value": "198.18.129.100",
			"type": "default",
			"enabled": true
		},
		{
			"key": "DNACuser",
			"value": "admin",
			"type": "default",
			"enabled": true
		},
		{
			"key": "DNACpwd",
			"value": "C1sco12345",
			"type": "default",
			"enabled": true
		},
		{
			"key": "TOKEN",
			"value": "",
			"enabled": true
		},
		{
			"key": "GlobalSiteId",
			"value": "",
			"type": "default",
			"enabled": true
		},
		{
			"key": "BuildingSiteId",
			"value": "",
			"type": "default",
			"enabled": true
		},
		{
			"key": "FloorSiteId",
			"value": "",
			"type": "any",
			"enabled": true
		},
		{
			"key": "HierarchyParent",
			"value": "Global",
			"type": "default",
			"enabled": true
		},
		{
			"key": "HierarchyArea",
			"value": "DNAC Template Lab",
			"type": "default",
			"enabled": true
		},
		{
			"key": "HierarchyBldg",
			"value": "Building",
			"type": "default",
			"enabled": true
		},
		{
			"key": "HierarchyBldgAddress",
			"value": "Cisco Building 24, 510 McCarthy Blvd, Milpitas, CA 95035",
			"type": "default",
			"enabled": true
		},
		{
			"key": "HierarchyFloor",
			"value": "Floor 1",
			"type": "default",
			"enabled": true
		},
		{
			"key": "domainName",
			"value": "dcloud.cisco.com",
			"enabled": true
		},
		{
			"key": "dnsServer1",
			"value": "198.18.133.1",
			"enabled": true
		},
		{
			"key": "dnsServer2",
			"value": "198.18.133.1",
			"enabled": true
		},
		{
			"key": "dhcpServer",
			"value": "198.18.133.1",
			"enabled": true
		},
		{
			"key": "syslogServer",
			"value": "198.18.129.100",
			"enabled": true
		},
		{
			"key": "syslogBoolean",
			"value": "true",
			"enabled": true
		},
		{
			"key": "snmpServer",
			"value": "198.18.129.100",
			"enabled": true
		},
		{
			"key": "snmpBoolean",
			"value": "true",
			"enabled": true
		},
		{
			"key": "netflowServer",
			"value": "198.18.129.100",
			"enabled": true
		},
		{
			"key": "netflowPort",
			"value": "6007",
			"enabled": true
		},
		{
			"key": "netflowBoolean",
			"value": "true",
			"type": "default",
			"enabled": true
		},
		{
			"key": "ntpServer",
			"value": "198.18.133.1",
			"enabled": true
		},
		{
			"key": "aaaEndpointServer",
			"value": "ISE",
			"type": "default",
			"enabled": true
		},
		{
			"key": "aaaEndpointIpAddress",
			"value": "198.18.133.27",
			"type": "default",
			"enabled": true
		},
		{
			"key": "aaaEndpointProtocol",
			"value": "RADIUS",
			"type": "default",
			"enabled": true
		},
		{
			"key": "aaaEndpointSharedSecret",
			"value": "C1sco12345",
			"type": "default",
			"enabled": true
		},
		{
			"key": "timeZone",
			"value": "EST5EDT",
			"enabled": true
		},
		{
			"key": "bannerMessage",
			"value": "DNAC Template Lab!",
			"enabled": true
		},
		{
			"key": "bannerBoolean",
			"value": "false",
			"enabled": true
		},
		{
			"key": "GlobalCredentialCli",
			"value": "",
			"type": "default",
			"enabled": true
		},
		{
			"key": "GlobalCredentialSnmpRO",
			"value": "",
			"type": "default",
			"enabled": true
		},
		{
			"key": "GlobalCredentialSnmpRW",
			"value": "",
			"type": "default",
			"enabled": true
		},
		{
			"key": "GlobalCredentialNetconf",
			"value": "",
			"type": "default",
			"enabled": true
		},
		{
			"key": "TASKID",
			"value": "1648215604193",
			"type": "default",
			"enabled": true
		},
		{
			"key": "DiscoveryTaskId",
			"value": "",
			"type": "default",
			"enabled": true
		},
		{
			"key": "DiscoveryId",
			"value": "",
			"type": "default",
			"enabled": true
		},
		{
			"key": "DeviceIP",
			"value": "",
			"type": "default",
			"enabled": true
		},
		{
			"key": "DeviceRange",
			"value": "",
			"type": "default",
			"enabled": true
		},
		{
			"key": "DcloudDevices",
			"value": "198.19.1.2,198.19.2.2,198.18.133.145",
			"type": "default",
			"enabled": true
		},
		{
			"key": "DcloudUser",
			"value": "netadmin",
			"type": "default",
			"enabled": true
		},
		{
			"key": "DcloudPwd",
			"value": "C1sco12345",
			"type": "default",
			"enabled": true
		},
		{
			"key": "DcloudSnmpRO",
			"value": "ro",
			"type": "default",
			"enabled": true
		},
		{
			"key": "DcloudSnmpRO-Desc",
			"value": "RO",
			"type": "default",
			"enabled": true
		},
		{
			"key": "DcloudSnmpRW",
			"value": "rw",
			"type": "default",
			"enabled": true
		},
		{
			"key": "DcloudSnmpRW-Desc",
			"value": "RW",
			"type": "default",
			"enabled": true
		},
		{
			"key": "DcloudNetconf",
			"value": "830",
			"type": "default",
			"enabled": true
		},
		{
			"key": "FLAG",
			"value": "0",
			"type": "default",
			"enabled": true
		},
		{
			"key": "TargetDevice",
			"value": "198.19.1.2",
			"type": "default",
			"enabled": true
		},
		{
			"key": "TargetDeviceId",
			"value": "",
			"type": "default",
			"enabled": true
		},
		{
			"key": "CommandRunnerTaskId",
			"value": "",
			"type": "default",
			"enabled": true
		},
		{
			"key": "CommandRunnerFileId",
			"value": "",
			"type": "default",
			"enabled": true
		},
		{
			"key": "CommandRunnerResults",
			"value": "",
			"type": "default",
			"enabled": true
		},
		{
			"key": "ConfigZipFilePwd",
			"value": "TestT3$t",
			"type": "default",
			"enabled": true
		},
		{
			"key": "ConfigurationTaskId",
			"value": "",
			"type": "default",
			"enabled": true
		},
		{
			"key": "ConfigurationFileId",
			"value": "",
			"type": "default",
			"enabled": true
		},
		{
			"key": "ConfigurationResults",
			"value": "",
			"type": "default",
			"enabled": true
		},
		{
			"key": "AreaSiteId",
			"value": "",
			"type": "any",
			"enabled": true
		},
		{
			"key": "ProjectId",
			"value": "",
			"type": "default",
			"enabled": true
		},
		{
			"key": "ProjectTaskId",
			"value": "",
			"type": "default",
			"enabled": true
		},
		{
			"key": "ProjectName",
			"value": "",
			"type": "default",
			"enabled": true
		},
		{
			"key": "TemplateTaskId",
			"value": "",
			"type": "default",
			"enabled": true
		},
		{
			"key": "DeviceList",
			"value": "198.19.1.2,198.19.2.2,198.18.133.145",
			"type": "default",
			"enabled": true
		},
		{
			"key": "DiscoveryName",
			"value": "",
			"type": "default",
			"enabled": true
		},
		{
			"key": "DiscoveryType",
			"value": "",
			"type": "default",
			"enabled": true
		},
		{
			"key": "TargetSiteId",
			"value": "",
			"type": "default",
			"enabled": true
		},
		{
			"key": "GeneralTestString",
			"value": "",
			"type": "default",
			"enabled": true
		},
		{
			"key": "Project",
			"value": "true",
			"type": "default",
			"enabled": true
		},
		{
			"key": "Devices",
			"value": "",
			"type": "any",
			"enabled": true
		},
		{
			"key": "SetupProject",
			"value": "[{\"name\": \"DCLOUD PrepEnvironment\",\"tags\": [],\"templates\": [{\"name\": \"CAT-C9300-2-Setup\",\"description\": \"\",\"tags\": [],\"deviceTypes\": [{\"productFamily\": \"Switches and Hubs\",\"productSeries\": \"Cisco Catalyst 9300 Series Switches\"}],\"softwareType\": \"IOS\",\"softwareVariant\": \"XE\",\"templateContent\": \"##Build Distribution for pnp\\nvlan 5\\nname \\\"mgntvlan\\\"\\nvlan 10\\nname \\\"apvlan\\\"\\nvlan 20\\nname \\\"datavlan\\\"\\nvlan 30\\nname \\\"voicevlan\\\"\\nvlan 40\\nname \\\"guestvlan\\\"\\nvlan 999\\nname \\\"disabled\\\"\\n!\\nint vlan 5 \\n ip address 192.168.5.3 255.255.255.0\\n standby 1 ip 192.168.5.1\\n standby 1 priority 254\\n standby 1 preempt\\n ip helper-address 198.18.133.1                  \\n ip ospf 1 area 0\\n no shutdown\\n!\\npnp startup-vlan 5\\n!\\nint vlan 10 \\n ip address 192.168.10.3 255.255.255.0\\n standby 1 ip 192.168.10.1\\n standby 1 priority 254\\n standby 1 preempt\\n ip helper-address 198.18.133.1                  \\n ip ospf 1 area 0\\n no shutdown\\nint vlan 20 \\n ip address 192.168.20.3 255.255.255.0\\n standby 1 ip 192.168.20.1\\n standby 1 priority 254\\n standby 1 preempt\\n ip helper-address 198.18.133.1                  \\n ip ospf 1 area 0\\n no shutdown\\nint vlan 30 \\n ip address 192.168.30.3 255.255.255.0\\n standby 1 ip 192.168.30.1\\n standby 1 priority 254\\n standby 1 preempt\\n ip helper-address 198.18.133.1                  \\n ip ospf 1 area 0\\n no shutdown\\nint vlan 40\\n ip address 192.168.40.3 255.255.255.0\\n standby 1 ip 192.168.40.1\\n standby 1 priority 254\\n standby 1 preempt\\n ip helper-address 198.18.133.1                  \\n ip ospf 1 area 0\\n no shutdown\\nint vlan 999\\n ip address 192.168.99.3 255.255.255.0\\n standby 1 ip 192.168.99.1\\n standby 1 priority 254\\n standby 1 preempt\\n ip helper-address 198.18.133.1                  \\n ip ospf 1 area 0\\n no shutdown\\n!\\n##Router OSPF modifications\\nrouter ospf 1\\n passive-interface default\\n no passive-interface Vlan5\\n no passive-interface GigabitEthernet1/0/48\\n!\\n#INTERACTIVE\\nautoconf enable<IQ>yes<R>y\\n#END_INTERACTIVE\\n!\\nparameter-map type subscriber attribute-to-service BUILTIN_DEVICE_TO_TEMPLATE\\n10 map device-type regex \\\"Cisco-IP-Phone\\\"\\n 20 interface-template WORKSTATION\\n20 map device-type regex \\\"Cisco-IP-Camera\\\"\\n 20 interface-template WORKSTATION\\n30 map device-type regex \\\"Cisco-DMP\\\"\\n 20 interface-template WORKSTATION\\n40 map oui eq \\\"00.0f.44\\\"\\n 20 interface-template WORKSTATION\\n50 map oui eq \\\"00.23.ac\\\"\\n 20 interface-template WORKSTATION\\n60 map device-type regex \\\"Cisco-AIR-AP\\\"\\n 20 interface-template ACCESS_POINT\\n70 map device-type regex \\\"Cisco-AIR-LAP\\\"\\n 20 interface-template ACCESS_POINT\\n80 map device-type regex \\\"Cisco-TelePresence\\\"\\n 20 interface-template WORKSTATION\\n90 map device-type regex \\\"Surveillance-Camera\\\"\\n 10 interface-template WORKSTATION\\n100 map device-type regex \\\"Video-Conference\\\"\\n 10 interface-template WORKSTATION\\n110 map device-type regex \\\"Cisco-CAT-LAP\\\"\\n 10 interface-template ACCESS_POINT\\n!\\n##Templates\\ntemplate ACCESS_POINT\\n description Access Point Interface\\n switchport trunk native vlan 10\\n switchport trunk allowed vlan 10,20,30,40,999\\n switchport mode trunk\\n!\\ntemplate WORKSTATION\\n description Workstation\\n switchport access vlan 20\\n switchport mode access\\n switchport voice vlan 30\\n!\\ntemplate GUEST\\n description Guest Interface\\n switchport access vlan 40\\n switchport mode access\\n!\\ntemplate BASECONFIG\\n description BASE CONFIG\\n switchport access vlan 999\\n switchport mode access\\n!\\n##Macros\\n## Use Bind to Source variable to select access interfaces \\n#macro( access_interface )\\n description BASE CONFIG\\n switchport access vlan 999\\n switchport mode access\\n spanning-tree portfast\\n spanning-tree bpduguard enable\\n source template BASECONFIG\\n#end\\n!\\ninterface range gi 1/0/10-11\\n description PnP Test Environment to Catalyst 9300-1\\n switchport mode trunk\\n switchport trunk native vlan 5\\n switchport trunk allowed vlan 5,10,20,30,40,999\\n channel-protocol lacp\\n channel-group 1 mode active\\n access-session inherit disable autoconf\\n!\\ninterface Port-channel1\\n description PnP Test Environment to Catalyst 9300\\n switchport trunk native vlan 5\\n switchport trunk allowed vlan 5,10,20,30,40,999\\n switchport mode trunk\\n ##no port-channel standalone-disable\\n!\\ninterface gi 1/0/48\\n access-session inherit disable autoconf\\n!\\n##Access Port Configuration\\ninterface range gi 1/0/1 - 9\\n #access_interface\\n!\",\"rollbackTemplateContent\": \"\",\"templateParams\": [],\"rollbackTemplateParams\": [],\"composite\": false,\"containingTemplates\": [],\"language\": \"VELOCITY\",\"promotedTemplateContent\": \"##Build Distribution for pnp\\nvlan 5\\nname \\\"mgntvlan\\\"\\nvlan 10\\nname \\\"apvlan\\\"\\nvlan 20\\nname \\\"datavlan\\\"\\nvlan 30\\nname \\\"voicevlan\\\"\\nvlan 40\\nname \\\"guestvlan\\\"\\nvlan 999\\nname \\\"disabled\\\"\\n!\\nint vlan 5 \\n ip address 192.168.5.3 255.255.255.0\\n standby 1 ip 192.168.5.1\\n standby 1 priority 254\\n standby 1 preempt\\n ip helper-address 198.18.133.1                  \\n ip ospf 1 area 0\\n no shutdown\\n!\\npnp startup-vlan 5\\n!\\nint vlan 10 \\n ip address 192.168.10.3 255.255.255.0\\n standby 1 ip 192.168.10.1\\n standby 1 priority 254\\n standby 1 preempt\\n ip helper-address 198.18.133.1                  \\n ip ospf 1 area 0\\n no shutdown\\nint vlan 20 \\n ip address 192.168.20.3 255.255.255.0\\n standby 1 ip 192.168.20.1\\n standby 1 priority 254\\n standby 1 preempt\\n ip helper-address 198.18.133.1                  \\n ip ospf 1 area 0\\n no shutdown\\nint vlan 30 \\n ip address 192.168.30.3 255.255.255.0\\n standby 1 ip 192.168.30.1\\n standby 1 priority 254\\n standby 1 preempt\\n ip helper-address 198.18.133.1                  \\n ip ospf 1 area 0\\n no shutdown\\nint vlan 40\\n ip address 192.168.40.3 255.255.255.0\\n standby 1 ip 192.168.40.1\\n standby 1 priority 254\\n standby 1 preempt\\n ip helper-address 198.18.133.1                  \\n ip ospf 1 area 0\\n no shutdown\\nint vlan 999\\n ip address 192.168.99.3 255.255.255.0\\n standby 1 ip 192.168.99.1\\n standby 1 priority 254\\n standby 1 preempt\\n ip helper-address 198.18.133.1                  \\n ip ospf 1 area 0\\n no shutdown\\n!\\n##Router OSPF modifications\\nrouter ospf 1\\n passive-interface default\\n no passive-interface Vlan5\\n no passive-interface GigabitEthernet1/0/48\\n!\\n#INTERACTIVE\\nautoconf enable<IQ>yes<R>y\\n#END_INTERACTIVE\\n!\\nparameter-map type subscriber attribute-to-service BUILTIN_DEVICE_TO_TEMPLATE\\n10 map device-type regex \\\"Cisco-IP-Phone\\\"\\n 20 interface-template WORKSTATION\\n20 map device-type regex \\\"Cisco-IP-Camera\\\"\\n 20 interface-template WORKSTATION\\n30 map device-type regex \\\"Cisco-DMP\\\"\\n 20 interface-template WORKSTATION\\n40 map oui eq \\\"00.0f.44\\\"\\n 20 interface-template WORKSTATION\\n50 map oui eq \\\"00.23.ac\\\"\\n 20 interface-template WORKSTATION\\n60 map device-type regex \\\"Cisco-AIR-AP\\\"\\n 20 interface-template ACCESS_POINT\\n70 map device-type regex \\\"Cisco-AIR-LAP\\\"\\n 20 interface-template ACCESS_POINT\\n80 map device-type regex \\\"Cisco-TelePresence\\\"\\n 20 interface-template WORKSTATION\\n90 map device-type regex \\\"Surveillance-Camera\\\"\\n 10 interface-template WORKSTATION\\n100 map device-type regex \\\"Video-Conference\\\"\\n 10 interface-template WORKSTATION\\n110 map device-type regex \\\"Cisco-CAT-LAP\\\"\\n 10 interface-template ACCESS_POINT\\n!\\n##Templates\\ntemplate ACCESS_POINT\\n description Access Point Interface\\n switchport trunk native vlan 10\\n switchport trunk allowed vlan 10,20,30,40,999\\n switchport mode trunk\\n!\\ntemplate WORKSTATION\\n description Workstation\\n switchport access vlan 20\\n switchport mode access\\n switchport voice vlan 30\\n!\\ntemplate GUEST\\n description Guest Interface\\n switchport access vlan 40\\n switchport mode access\\n!\\ntemplate BASECONFIG\\n description BASE CONFIG\\n switchport access vlan 999\\n switchport mode access\\n!\\n##Macros\\n## Use Bind to Source variable to select access interfaces \\n#macro( access_interface )\\n description BASE CONFIG\\n switchport access vlan 999\\n switchport mode access\\n spanning-tree portfast\\n spanning-tree bpduguard enable\\n source template BASECONFIG\\n#end\\n!\\ninterface range gi 1/0/10-11\\n description PnP Test Environment to Catalyst 9300-1\\n switchport mode trunk\\n switchport trunk native vlan 5\\n switchport trunk allowed vlan 5,10,20,30,40,999\\n channel-protocol lacp\\n channel-group 1 mode active\\n access-session inherit disable autoconf\\n!\\ninterface Port-channel1\\n description PnP Test Environment to Catalyst 9300\\n switchport trunk native vlan 5\\n switchport trunk allowed vlan 5,10,20,30,40,999\\n switchport mode trunk\\n ##no port-channel standalone-disable\\n!\\ninterface gi 1/0/48\\n access-session inherit disable autoconf\\n!\\n##Access Port Configuration\\ninterface range gi 1/0/1 - 9\\n #access_interface\\n!\",\"promotedTemplateParams\": [],\"customParamsOrder\": false,\"createTime\": 1664984180826,\"lastUpdateTime\": 1664992371032,\"latestVersionTime\": 1664984180826,\"projectName\": \"DCLOUD PrepEnvironment\",\"validationErrors\": {\"templateErrors\": [],\"rollbackTemplateErrors\": [],\"templateId\": \"f99ea380-b93d-4365-87d6-078a165e1756\",\"templateVersion\": null},\"documentDatabase\": false,\"projectAssociated\": true},{\"name\": \"CAT-C9300-1-Setup\",\"description\": \"\",\"tags\": [{\"id\": \"d8bd1719-bb6c-41b0-aff6-a16abf8a7676\",\"name\": \"Distribution\"}],\"deviceTypes\": [{\"productFamily\": \"Switches and Hubs\",\"productSeries\": \"Cisco Catalyst 9300 Series Switches\",\"productType\": \"Cisco Catalyst 9300 Switch\"}],\"softwareType\": \"IOS\",\"softwareVariant\": \"XE\",\"templateContent\": \"##Build Distribution for pnp\\nvlan 5\\nname \\\"mgntvlan\\\"\\nvlan 10\\nname \\\"apvlan\\\"\\nvlan 20\\nname \\\"datavlan\\\"\\nvlan 30\\nname \\\"voicevlan\\\"\\nvlan 40\\nname \\\"guestvlan\\\"\\nvlan 999\\nname \\\"disabled\\\"\\n!\\nint vlan 5 \\n ip address 192.168.5.2 255.255.255.0\\n standby 1 ip 192.168.5.1\\n standby 1 priority 255\\n standby 1 preempt\\n ip helper-address 198.18.133.1                  \\n ip ospf 1 area 0\\n no shutdown\\n!\\npnp startup-vlan 5\\n!\\nint vlan 10 \\n ip address 192.168.10.2 255.255.255.0\\n standby 1 ip 192.168.10.1\\n standby 1 priority 255\\n standby 1 preempt\\n ip helper-address 198.18.133.1                  \\n ip ospf 1 area 0\\n no shutdown\\nint vlan 20 \\n ip address 192.168.20.2 255.255.255.0\\n standby 1 ip 192.168.20.1\\n standby 1 priority 255\\n standby 1 preempt\\n ip helper-address 198.18.133.1                  \\n ip ospf 1 area 0\\n no shutdown\\nint vlan 30 \\n ip address 192.168.30.2 255.255.255.0\\n standby 1 ip 192.168.30.1\\n standby 1 priority 255\\n standby 1 preempt\\n ip helper-address 198.18.133.1                  \\n ip ospf 1 area 0\\n no shutdown\\nint vlan 40\\n ip address 192.168.40.2 255.255.255.0\\n standby 1 ip 192.168.40.1\\n standby 1 priority 255\\n standby 1 preempt\\n ip helper-address 198.18.133.1                  \\n ip ospf 1 area 0\\n no shutdown\\nint vlan 999\\n ip address 192.168.99.2 255.255.255.0\\n standby 1 ip 192.168.99.1\\n standby 1 priority 255\\n standby 1 preempt\\n ip helper-address 198.18.133.1                  \\n ip ospf 1 area 0\\n no shutdown\\n!\\n##Router OSPF modifications\\nrouter ospf 1\\n passive-interface default\\n no passive-interface Vlan5\\n no passive-interface GigabitEthernet1/0/48\\n!\\n#INTERACTIVE\\nautoconf enable<IQ>yes<R>y\\n#END_INTERACTIVE\\n!\\nparameter-map type subscriber attribute-to-service BUILTIN_DEVICE_TO_TEMPLATE\\n10 map device-type regex \\\"Cisco-IP-Phone\\\"\\n 20 interface-template WORKSTATION\\n20 map device-type regex \\\"Cisco-IP-Camera\\\"\\n 20 interface-template WORKSTATION\\n30 map device-type regex \\\"Cisco-DMP\\\"\\n 20 interface-template WORKSTATION\\n40 map oui eq \\\"00.0f.44\\\"\\n 20 interface-template WORKSTATION\\n50 map oui eq \\\"00.23.ac\\\"\\n 20 interface-template WORKSTATION\\n60 map device-type regex \\\"Cisco-AIR-AP\\\"\\n 20 interface-template ACCESS_POINT\\n70 map device-type regex \\\"Cisco-AIR-LAP\\\"\\n 20 interface-template ACCESS_POINT\\n80 map device-type regex \\\"Cisco-TelePresence\\\"\\n 20 interface-template WORKSTATION\\n90 map device-type regex \\\"Surveillance-Camera\\\"\\n 10 interface-template WORKSTATION\\n100 map device-type regex \\\"Video-Conference\\\"\\n 10 interface-template WORKSTATION\\n110 map device-type regex \\\"Cisco-CAT-LAP\\\"\\n 10 interface-template ACCESS_POINT\\n!\\n##Templates\\ntemplate ACCESS_POINT\\n description Access Point Interface\\n switchport trunk native vlan 10\\n switchport trunk allowed vlan 10,20,30,40,999\\n switchport mode trunk\\n!\\ntemplate WORKSTATION\\n description Workstation\\n switchport access vlan 20\\n switchport mode access\\n switchport voice vlan 30\\n!\\ntemplate GUEST\\n description Guest Interface\\n switchport access vlan 40\\n switchport mode access\\n!\\ntemplate BASECONFIG\\n description BASE CONFIG\\n switchport access vlan 999\\n switchport mode access\\n!\\n##Macros\\n## Use Bind to Source variable to select access interfaces \\n#macro( access_interface )\\n description BASE CONFIG\\n switchport access vlan 999\\n switchport mode access\\n spanning-tree portfast\\n spanning-tree bpduguard enable\\n source template BASECONFIG\\n#end\\n!\\ninterface range gi 1/0/10-11\\n description PnP Test Environment to Catalyst 9300-2\\n switchport mode trunk\\n switchport trunk native vlan 5\\n switchport trunk allowed vlan 5,10,20,30,40,999\\n channel-protocol lacp\\n channel-group 1 mode active\\n access-session inherit disable autoconf\\n!\\ninterface Port-channel1\\n description PnP Test Environment to Catalyst 9300\\n switchport trunk native vlan 5\\n switchport trunk allowed vlan 5,10,20,30,40,999\\n switchport mode trunk\\n ##no port-channel standalone-disable\\n!\\ninterface gi 1/0/48\\n access-session inherit disable autoconf\\n!\\n##Access Port Configuration\\ninterface range gi 1/0/1 - 9\\n #access_interface\\n!\",\"rollbackTemplateContent\": \"\",\"templateParams\": [],\"rollbackTemplateParams\": [],\"composite\": false,\"containingTemplates\": [],\"language\": \"VELOCITY\",\"promotedTemplateContent\": \"##Build Distribution for pnp\\nvlan 5\\nname \\\"mgntvlan\\\"\\nvlan 10\\nname \\\"apvlan\\\"\\nvlan 20\\nname \\\"datavlan\\\"\\nvlan 30\\nname \\\"voicevlan\\\"\\nvlan 40\\nname \\\"guestvlan\\\"\\nvlan 999\\nname \\\"disabled\\\"\\n!\\nint vlan 5 \\n ip address 192.168.5.2 255.255.255.0\\n standby 1 ip 192.168.5.1\\n standby 1 priority 255\\n standby 1 preempt\\n ip helper-address 198.18.133.1                  \\n ip ospf 1 area 0\\n no shutdown\\n!\\npnp startup-vlan 5\\n!\\nint vlan 10 \\n ip address 192.168.10.2 255.255.255.0\\n standby 1 ip 192.168.10.1\\n standby 1 priority 255\\n standby 1 preempt\\n ip helper-address 198.18.133.1                  \\n ip ospf 1 area 0\\n no shutdown\\nint vlan 20 \\n ip address 192.168.20.2 255.255.255.0\\n standby 1 ip 192.168.20.1\\n standby 1 priority 255\\n standby 1 preempt\\n ip helper-address 198.18.133.1                  \\n ip ospf 1 area 0\\n no shutdown\\nint vlan 30 \\n ip address 192.168.30.2 255.255.255.0\\n standby 1 ip 192.168.30.1\\n standby 1 priority 255\\n standby 1 preempt\\n ip helper-address 198.18.133.1                  \\n ip ospf 1 area 0\\n no shutdown\\nint vlan 40\\n ip address 192.168.40.2 255.255.255.0\\n standby 1 ip 192.168.40.1\\n standby 1 priority 255\\n standby 1 preempt\\n ip helper-address 198.18.133.1                  \\n ip ospf 1 area 0\\n no shutdown\\nint vlan 999\\n ip address 192.168.99.2 255.255.255.0\\n standby 1 ip 192.168.99.1\\n standby 1 priority 255\\n standby 1 preempt\\n ip helper-address 198.18.133.1                  \\n ip ospf 1 area 0\\n no shutdown\\n!\\n##Router OSPF modifications\\nrouter ospf 1\\n passive-interface default\\n no passive-interface Vlan5\\n no passive-interface GigabitEthernet1/0/48\\n!\\n#INTERACTIVE\\nautoconf enable<IQ>yes<R>y\\n#END_INTERACTIVE\\n!\\nparameter-map type subscriber attribute-to-service BUILTIN_DEVICE_TO_TEMPLATE\\n10 map device-type regex \\\"Cisco-IP-Phone\\\"\\n 20 interface-template WORKSTATION\\n20 map device-type regex \\\"Cisco-IP-Camera\\\"\\n 20 interface-template WORKSTATION\\n30 map device-type regex \\\"Cisco-DMP\\\"\\n 20 interface-template WORKSTATION\\n40 map oui eq \\\"00.0f.44\\\"\\n 20 interface-template WORKSTATION\\n50 map oui eq \\\"00.23.ac\\\"\\n 20 interface-template WORKSTATION\\n60 map device-type regex \\\"Cisco-AIR-AP\\\"\\n 20 interface-template ACCESS_POINT\\n70 map device-type regex \\\"Cisco-AIR-LAP\\\"\\n 20 interface-template ACCESS_POINT\\n80 map device-type regex \\\"Cisco-TelePresence\\\"\\n 20 interface-template WORKSTATION\\n90 map device-type regex \\\"Surveillance-Camera\\\"\\n 10 interface-template WORKSTATION\\n100 map device-type regex \\\"Video-Conference\\\"\\n 10 interface-template WORKSTATION\\n110 map device-type regex \\\"Cisco-CAT-LAP\\\"\\n 10 interface-template ACCESS_POINT\\n!\\n##Templates\\ntemplate ACCESS_POINT\\n description Access Point Interface\\n switchport trunk native vlan 10\\n switchport trunk allowed vlan 10,20,30,40,999\\n switchport mode trunk\\n!\\ntemplate WORKSTATION\\n description Workstation\\n switchport access vlan 20\\n switchport mode access\\n switchport voice vlan 30\\n!\\ntemplate GUEST\\n description Guest Interface\\n switchport access vlan 40\\n switchport mode access\\n!\\ntemplate BASECONFIG\\n description BASE CONFIG\\n switchport access vlan 999\\n switchport mode access\\n!\\n##Macros\\n## Use Bind to Source variable to select access interfaces \\n#macro( access_interface )\\n description BASE CONFIG\\n switchport access vlan 999\\n switchport mode access\\n spanning-tree portfast\\n spanning-tree bpduguard enable\\n source template BASECONFIG\\n#end\\n!\\ninterface range gi 1/0/10-11\\n description PnP Test Environment to Catalyst 9300-2\\n switchport mode trunk\\n switchport trunk native vlan 5\\n switchport trunk allowed vlan 5,10,20,30,40,999\\n channel-protocol lacp\\n channel-group 1 mode active\\n access-session inherit disable autoconf\\n!\\ninterface Port-channel1\\n description PnP Test Environment to Catalyst 9300\\n switchport trunk native vlan 5\\n switchport trunk allowed vlan 5,10,20,30,40,999\\n switchport mode trunk\\n ##no port-channel standalone-disable\\n!\\ninterface gi 1/0/48\\n access-session inherit disable autoconf\\n!\\n##Access Port Configuration\\ninterface range gi 1/0/1 - 9\\n #access_interface\\n!\",\"promotedTemplateParams\": [],\"customParamsOrder\": false,\"createTime\": 1664984181152,\"lastUpdateTime\": 1664992350109,\"latestVersionTime\": 1664984181152,\"projectName\": \"DCLOUD PrepEnvironment\",\"validationErrors\": {\"templateErrors\": [],\"rollbackTemplateErrors\": [],\"templateId\": \"89b3b9b4-1e2d-41c0-b6cc-e061cd1d4a8f\",\"templateVersion\": null},\"documentDatabase\": false,\"projectAssociated\": true},{\"name\": \"ISR-4331-Setup\",\"description\": \"\",\"tags\": [],\"deviceTypes\": [{\"productFamily\": \"Routers\",\"productSeries\": \"Cisco 4000 Series Integrated Services Routers\",\"productType\": \"Cisco 4331 Integrated Services Router\"}],\"softwareType\": \"IOS\",\"softwareVariant\": \"XE\",\"templateContent\": \"##Shutdown Other Interface to create distribution from Cat9300-2\\n!\\n##disable port 0/0/1 for the templating lab\\nint gi 0/0/1\\n!\\nint gi 0/0/2\\n\",\"rollbackTemplateContent\": \"\",\"templateParams\": [],\"rollbackTemplateParams\": [],\"composite\": false,\"containingTemplates\": [],\"language\": \"VELOCITY\",\"promotedTemplateContent\": \"##Shutdown Other Interface to create distribution from Cat9300-2\\n!\\n##disable port 0/0/1 for the templating lab\\nint gi 0/0/1\\n!\\nint gi 0/0/2\\n\",\"promotedTemplateParams\": [],\"customParamsOrder\": false,\"createTime\": 1664984181030,\"lastUpdateTime\": 1664984181030,\"latestVersionTime\": 1664984181030,\"projectName\": \"DCLOUD PrepEnvironment\",\"validationErrors\": {\"templateErrors\": [],\"rollbackTemplateErrors\": [],\"templateId\": \"969517fe-65ba-4d49-ae4b-a4d487d61349\",\"templateVersion\": null},\"documentDatabase\": false,\"projectAssociated\": true}],\"isDeletable\": true}]",
			"type": "default",
			"enabled": true
		},
		{
			"key": "Template",
			"value": "{\"name\":\"{{TemplateName}}\",\"description\":\"API Example Template Deployment\",\"tags\":[],\"deviceTypes\":[{\"productFamily\":\"Switches and Hubs\",\"productSeries\":\"Cisco Catalyst 9300 Series Switches\"}],\"softwareType\":\"IOS\",\"softwareVariant\":\"XE\",\"softwareVersion\":null,\"templateContent\":\"##Automated Uplink Description Script\\n##This will always ensure the uplink descriptions are correct to upstream\\n##Switches within the infrastructure\\nevent manager applet update-port\\n event neighbor-discovery interface regexp GigabitEthernet.* cdp add\\n action 101 regexp \\\"(Switch|Router)\\\" \\\"$_nd_cdp_capabilities_string\\\"\\n action 102 if $_regexp_result eq \\\"1\\\"\\n action 103  cli command \\\"enable\\\"\\n action 104  cli command \\\"config t\\\"\\n action 105  cli command \\\"interface $_nd_local_intf_name\\\"\\n action 106  regexp \\\"^([^\\\\.]+)\\\\.\\\" \\\"$_nd_cdp_entry_name\\\" match host\\n action 107  regexp \\\"^([^\\\\.]+)\\\" \\\"$_nd_port_id\\\" match connectedport\\n action 108  cli command \\\"no description\\\"\\n action 109  cli command \\\"description Uplink to $host - $connectedport\\\"\\n action 110  cli command \\\"interface port-channel 1\\\"\\n action 111  cli command \\\"no description\\\"\\n action 112  cli command \\\"description Uplink to $host\\\"\\n action 113  cli command \\\"end\\\"\\n action 114  cli command \\\"write\\\"\\n action 115 end\\n!\\n\",\"rollbackTemplateContent\":\"\",\"templateParams\":[{\"parameterName\":\"_nd_local_intf_name\",\"dataType\":\"STRING\",\"defaultValue\":null,\"description\":null,\"required\":false,\"notParam\":true,\"paramArray\":false,\"displayName\":null,\"instructionText\":null,\"group\":null,\"order\":3,\"customOrder\":0,\"selection\":{\"selectionType\":null,\"selectionValues\":{},\"defaultSelectedValues\":[],\"id\":null},\"range\":[],\"key\":null,\"provider\":null,\"binding\":\"\"},{\"parameterName\":\"_nd_cdp_capabilities_string\",\"dataType\":\"STRING\",\"defaultValue\":null,\"description\":null,\"required\":false,\"notParam\":true,\"paramArray\":false,\"displayName\":null,\"instructionText\":null,\"group\":null,\"order\":1,\"customOrder\":0,\"selection\":{\"selectionType\":null,\"selectionValues\":{},\"defaultSelectedValues\":[],\"id\":null},\"range\":[],\"key\":null,\"provider\":null,\"binding\":\"\"},{\"parameterName\":\"_nd_port_id\",\"dataType\":\"STRING\",\"defaultValue\":null,\"description\":null,\"required\":false,\"notParam\":true,\"paramArray\":false,\"displayName\":null,\"instructionText\":null,\"group\":null,\"order\":5,\"customOrder\":0,\"selection\":{\"selectionType\":null,\"selectionValues\":{},\"defaultSelectedValues\":[],\"id\":null},\"range\":[],\"key\":null,\"provider\":null,\"binding\":\"\"},{\"parameterName\":\"_regexp_result\",\"dataType\":\"STRING\",\"defaultValue\":null,\"description\":null,\"required\":false,\"notParam\":true,\"paramArray\":false,\"displayName\":null,\"instructionText\":null,\"group\":null,\"order\":2,\"customOrder\":0,\"selection\":{\"selectionType\":null,\"selectionValues\":{},\"defaultSelectedValues\":[],\"id\":null},\"range\":[],\"key\":null,\"provider\":null,\"binding\":\"\"},{\"parameterName\":\"_nd_cdp_entry_name\",\"dataType\":\"STRING\",\"defaultValue\":null,\"description\":null,\"required\":false,\"notParam\":true,\"paramArray\":false,\"displayName\":null,\"instructionText\":null,\"group\":null,\"order\":4,\"customOrder\":0,\"selection\":{\"selectionType\":null,\"selectionValues\":{},\"defaultSelectedValues\":[],\"id\":null},\"range\":[],\"key\":null,\"provider\":null,\"binding\":\"\"},{\"parameterName\":\"host\",\"dataType\":\"STRING\",\"defaultValue\":null,\"description\":null,\"required\":false,\"notParam\":true,\"paramArray\":false,\"displayName\":null,\"instructionText\":null,\"group\":null,\"order\":6,\"customOrder\":0,\"selection\":{\"selectionType\":null,\"selectionValues\":{},\"defaultSelectedValues\":[],\"id\":null},\"range\":[],\"key\":null,\"provider\":null,\"binding\":\"\"},{\"parameterName\":\"connectedport\",\"dataType\":\"STRING\",\"defaultValue\":null,\"description\":null,\"required\":false,\"notParam\":true,\"paramArray\":false,\"displayName\":null,\"instructionText\":null,\"group\":null,\"order\":7,\"customOrder\":0,\"selection\":{\"selectionType\":null,\"selectionValues\":{},\"defaultSelectedValues\":[],\"id\":null},\"range\":[],\"key\":null,\"provider\":null,\"binding\":\"\"}],\"rollbackTemplateParams\":[{\"binding\":null,\"customOrder\":null,\"dataType\":\"STRING\",\"defaultValue\":null,\"description\":null,\"displayName\":null,\"group\":null,\"id\":null,\"instructionText\":null,\"key\":null,\"notParam\":null,\"order\":null,\"paramArray\":null,\"parameterName\":null,\"provider\":null,\"range\":[{\"id\":null,\"maxValue\":null,\"minValue\":null}],\"required\":null,\"selection\":{\"defaultSelectedValues\":[null],\"id\":null,\"selectionType\":\"SINGLE_SELECT\",\"selectionValues\":{}}}],\"composite\":false,\"containingTemplates\":[],\"customParamsOrder\":null,\"language\":\"VELOCITY\",\"projectId\":\"{{ProjectId}}\",\"projectName\":\"{{ProjectName}}\"}",
			"type": "default",
			"enabled": true
		},
		{
			"key": "TemplateName",
			"value": "AutomaticUplinkNaming",
			"type": "default",
			"enabled": true
		},
		{
			"key": "TemplateId",
			"value": "",
			"type": "any",
			"enabled": true
		},
		{
			"key": "SetupProjectName",
			"value": "DCLOUD PrepEnvironment",
			"type": "default",
			"enabled": true
		},
		{
			"key": "SetupTemplateString",
			"value": "ISR-4331-Setup,CAT-C9300-1-Setup,CAT-C9300-2-Setup",
			"type": "default",
			"enabled": true
		},
		{
			"key": "ISR-4331-Setup",
			"value": "",
			"type": "any",
			"enabled": true
		},
		{
			"key": "CAT-C9300-1-Setup",
			"value": "",
			"type": "any",
			"enabled": true
		},
		{
			"key": "CAT-C9300-2-Setup",
			"value": "",
			"type": "any",
			"enabled": true
		},
		{
			"key": "DeviceId",
			"value": "",
			"type": "any",
			"enabled": true
		},
		{
			"key": "DeviceIp",
			"value": "",
			"type": "any",
			"enabled": true
		}
	],
	"_postman_variable_scope": "environment",
	"_postman_exported_at": "2022-10-05T18:25:37.100Z",
	"_postman_exported_using": "Postman/9.31.16"
}