[
  {
    "name": "Platnium-PnP-Jinja2-v1",
    "description": "",
    "tags": [],
    "deviceTypes": [
      {
        "productFamily": "Switches and Hubs",
        "productSeries": "Cisco Catalyst IE3400 Rugged Series"
      },
      {
        "productFamily": "Switches and Hubs",
        "productSeries": "Cisco IE 4000 Series Switches"
      },
      {
        "productFamily": "Switches and Hubs",
        "productSeries": "Cisco Catalyst 9300 Series Switches"
      },
      {
        "productFamily": "Switches and Hubs",
        "productSeries": "Cisco Catalyst IE9300 Rugged Series"
      },
      {
        "productFamily": "Switches and Hubs",
        "productSeries": "Cisco IE 2000 Series Switches"
      },
      {
        "productFamily": "Switches and Hubs",
        "productSeries": "Cisco Industrial Ethernet 4010 Series Switches"
      },
      {
        "productFamily": "Switches and Hubs",
        "productSeries": "Cisco Industrial Ethernet 2000U Series Switches"
      },
      {
        "productFamily": "Switches and Hubs",
        "productSeries": "Cisco Catalyst IE3300 Rugged Series"
      },
      {
        "productFamily": "Switches and Hubs",
        "productSeries": "Cisco IE 3010 Series Switches"
      },
      {
        "productFamily": "Switches and Hubs",
        "productSeries": "Cisco IE 3000 Series Switches"
      },
      {
        "productFamily": "Switches and Hubs",
        "productSeries": "Cisco IE 5000 Series Switches"
      },
      {
        "productFamily": "Switches and Hubs",
        "productSeries": "Cisco Catalyst IE3200 Rugged Series"
      },
      {
        "productFamily": "Switches and Hubs",
        "productSeries": "Cisco Catalyst IE3400 Heavy Duty Series"
      }
    ],
    "softwareType": "IOS",
    "softwareVariant": "XE",
    "templateContent": "{# <------Onboarding-Template-------> #}\n{# To be used for onboarding when using Day N Templates #}\n{# Define Variables provision with vlan and port channel #}\n!\n{# Set MTU if required #}\n{% if SystemMTU != 1500 %}\n    system mtu {{ SystemMTU }}\n{% endif %}\n!\n{# Set hostname #}\nhostname {{ Hostname }}\n!\n{% set VtpDomain = Hostname %}\n!\n{# Set VTP and VLAN for onboarding #}\nvtp domain {{ VtpDomain }}\nvtp mode transparent\n!\n{# Set Management VLAN #}\nvlan {{ MgmtVlan }}\n!\n{% if MgmtVlan > 1 %}\n  name MgmtVlan\n  {# Disable Vlan 1 (optional) #}\n  interface Vlan 1\n   shutdown\n{% endif %}\n!\n{# Set Interfaces and Build Port Channel #}\n!{{ Portchannel }}\ninterface range {{ Interfaces }}\n shut \n switchport trunk allowed vlan {{ MgmtVlan }}\n {% if \",\" in Interfaces %}\n    channel-protocol lacp\n    channel-group {{ Portchannel }} mode active\n {% endif %}\n no shut\n!\n{% if \",\" in Interfaces %}\n  interface Port-channel {{ Portchannel }}\n   switchport trunk native vlan {{ MgmtVlan }}\n   switchport trunk allowed vlan {{ MgmtVlan }}\n   switchport mode trunk\n   no port-channel standalone-disable\n{% endif %}\n!\n{# Set Up Managment Vlan {{ MgmtVlan }} #}\ninterface Vlan {{ MgmtVlan }}\n description MgmtVlan\n ip address {{ SwitchIP }} {{ SubnetMask }}\n no ip redirects\n no ip proxy-arp\n no shut\n!\nip default-gateway {{ Gateway }}\n!\n{# Set Source of Management Traffic #}\nip domain lookup source-interface Vlan {{ MgmtVlan }}\nip http client source-interface Vlan {{ MgmtVlan }}\nip ftp source-interface Vlan {{ MgmtVlan }}\nip tftp source-interface Vlan {{ MgmtVlan }}\nip ssh source-interface Vlan {{ MgmtVlan }}\nip radius source-interface Vlan {{ MgmtVlan }}\nlogging source-interface Vlan {{ MgmtVlan }}\nsnmp-server trap-source Vlan {{ MgmtVlan }}\nntp source Vlan {{ MgmtVlan }}\n!\n",
    "rollbackTemplateContent": "",
    "templateParams": [
      {
        "parameterName": "Hostname",
        "dataType": "STRING",
        "defaultValue": null,
        "description": null,
        "required": true,
        "notParam": false,
        "paramArray": false,
        "instructionText": null,
        "group": null,
        "order": 2,
        "customOrder": 1,
        "selection": {
          "selectionType": null,
          "selectionValues": {},
          "defaultSelectedValues": [],
          "id": null
        },
        "range": [],
        "key": null,
        "provider": null,
        "binding": "",
        "displayName": null
      },
      {
        "parameterName": "Interfaces",
        "dataType": "STRING",
        "defaultValue": null,
        "description": "Interface or interface range comma delimited",
        "required": true,
        "notParam": false,
        "paramArray": false,
        "instructionText": "te 1/1/1 , te 1/1/2",
        "group": null,
        "order": 5,
        "customOrder": 5,
        "selection": {
          "selectionType": null,
          "selectionValues": {},
          "defaultSelectedValues": [],
          "id": null
        },
        "range": [],
        "key": null,
        "provider": null,
        "binding": "",
        "displayName": null
      },
      {
        "parameterName": "MgmtVlan",
        "dataType": "INTEGER",
        "defaultValue": null,
        "description": "Insert the management vlan Id.",
        "required": true,
        "notParam": false,
        "paramArray": false,
        "instructionText": "1-4094",
        "group": null,
        "order": 3,
        "customOrder": 3,
        "selection": {
          "selectionType": null,
          "selectionValues": {},
          "defaultSelectedValues": [],
          "id": null
        },
        "range": [
          {
            "minValue": 1,
            "maxValue": 4094,
            "id": null
          }
        ],
        "key": null,
        "provider": null,
        "binding": "",
        "displayName": "Management Vlan"
      },
      {
        "parameterName": "Gateway",
        "dataType": "IPADDRESS",
        "defaultValue": null,
        "description": "Enter the Management Gateway Address",
        "required": true,
        "notParam": false,
        "paramArray": false,
        "instructionText": "10.0.0.254",
        "group": null,
        "order": 8,
        "customOrder": 8,
        "selection": {
          "selectionType": null,
          "selectionValues": {},
          "defaultSelectedValues": [],
          "id": null
        },
        "range": [],
        "key": null,
        "provider": null,
        "binding": "",
        "displayName": "Management Gateway"
      },
      {
        "parameterName": "SystemMTU",
        "dataType": "INTEGER",
        "defaultValue": "1500",
        "description": "Default 1500, but can be set to 9100 for Fabric or overlay usage",
        "required": true,
        "notParam": false,
        "paramArray": false,
        "instructionText": null,
        "group": null,
        "order": 1,
        "customOrder": 2,
        "selection": {
          "selectionType": null,
          "selectionValues": {},
          "defaultSelectedValues": [],
          "id": null
        },
        "range": [
          {
            "minValue": 1450,
            "maxValue": 9100,
            "id": null
          }
        ],
        "key": null,
        "provider": null,
        "binding": "",
        "displayName": "System MTU"
      },
      {
        "parameterName": "SwitchIP",
        "dataType": "IPADDRESS",
        "defaultValue": null,
        "description": "Enter the Management IP Address",
        "required": true,
        "notParam": false,
        "paramArray": false,
        "instructionText": "10.0.0.1",
        "group": null,
        "order": 6,
        "customOrder": 6,
        "selection": {
          "selectionType": null,
          "selectionValues": {},
          "defaultSelectedValues": [],
          "id": null
        },
        "range": [],
        "key": null,
        "provider": null,
        "binding": "",
        "displayName": "Management IP Address"
      },
      {
        "parameterName": "SubnetMask",
        "dataType": "IPADDRESS",
        "defaultValue": null,
        "description": "Enter the Management Subnet Mask",
        "required": true,
        "notParam": false,
        "paramArray": false,
        "instructionText": "255.255.255.0",
        "group": null,
        "order": 7,
        "customOrder": 7,
        "selection": {
          "selectionType": null,
          "selectionValues": {},
          "defaultSelectedValues": [],
          "id": null
        },
        "range": [],
        "key": null,
        "provider": null,
        "binding": "",
        "displayName": "Management Subnet Mask"
      },
      {
        "parameterName": "Portchannel",
        "dataType": "INTEGER",
        "defaultValue": "1",
        "description": "Enter number from 1 to 192",
        "required": true,
        "notParam": false,
        "paramArray": false,
        "instructionText": null,
        "group": null,
        "order": 4,
        "customOrder": 4,
        "selection": {
          "selectionType": null,
          "selectionValues": {},
          "defaultSelectedValues": [],
          "id": null
        },
        "range": [
          {
            "minValue": 1,
            "maxValue": 192,
            "id": null
          }
        ],
        "key": null,
        "provider": null,
        "binding": "",
        "displayName": "PortChannel Number"
      }
    ],
    "rollbackTemplateParams": [],
    "composite": false,
    "containingTemplates": [],
    "language": "JINJA",
    "promotedTemplateContent": "{# <------Onboarding-Template-------> #}\n{# To be used for onboarding when using Day N Templates #}\n{# Define Variables provision with vlan and port channel #}\n!\n{# Set MTU if required #}\n{% if SystemMTU != 1500 %}\n    system mtu {{ SystemMTU }}\n{% endif %}\n!\n{# Set hostname #}\nhostname {{ Hostname }}\n!\n{% set VtpDomain = Hostname %}\n!\n{# Set VTP and VLAN for onboarding #}\nvtp domain {{ VtpDomain }}\nvtp mode transparent\n!\n{# Set Management VLAN #}\nvlan {{ MgmtVlan }}\n!\n{% if MgmtVlan > 1 %}\n  name MgmtVlan\n  {# Disable Vlan 1 (optional) #}\n  interface Vlan 1\n   shutdown\n{% endif %}\n!\n{# Set Interfaces and Build Port Channel #}\n!{{ Portchannel }}\ninterface range {{ Interfaces }}\n shut \n switchport trunk allowed vlan {{ MgmtVlan }}\n {% if \",\" in Interfaces %}\n    channel-protocol lacp\n    channel-group {{ Portchannel }} mode active\n {% endif %}\n no shut\n!\n{% if \",\" in Interfaces %}\n  interface Port-channel {{ Portchannel }}\n   switchport trunk native vlan {{ MgmtVlan }}\n   switchport trunk allowed vlan {{ MgmtVlan }}\n   switchport mode trunk\n   no port-channel standalone-disable\n{% endif %}\n!\n{# Set Up Managment Vlan {{ MgmtVlan }} #}\ninterface Vlan {{ MgmtVlan }}\n description MgmtVlan\n ip address {{ SwitchIP }} {{ SubnetMask }}\n no ip redirects\n no ip proxy-arp\n no shut\n!\nip default-gateway {{ Gateway }}\n!\n{# Set Source of Management Traffic #}\nip domain lookup source-interface Vlan {{ MgmtVlan }}\nip http client source-interface Vlan {{ MgmtVlan }}\nip ftp source-interface Vlan {{ MgmtVlan }}\nip tftp source-interface Vlan {{ MgmtVlan }}\nip ssh source-interface Vlan {{ MgmtVlan }}\nip radius source-interface Vlan {{ MgmtVlan }}\nlogging source-interface Vlan {{ MgmtVlan }}\nsnmp-server trap-source Vlan {{ MgmtVlan }}\nntp source Vlan {{ MgmtVlan }}\n!\n",
    "promotedTemplateParams": [
      {
        "parameterName": "SwitchIP",
        "dataType": "IPADDRESS",
        "defaultValue": null,
        "description": "Enter the Management IP Address",
        "required": true,
        "notParam": false,
        "paramArray": false,
        "instructionText": "10.0.0.1",
        "group": null,
        "order": 6,
        "customOrder": 6,
        "selection": {
          "selectionType": null,
          "selectionValues": {},
          "defaultSelectedValues": [],
          "id": null
        },
        "range": [],
        "key": null,
        "provider": null,
        "binding": "",
        "id": null,
        "displayName": "Management IP Address"
      },
      {
        "parameterName": "Gateway",
        "dataType": "IPADDRESS",
        "defaultValue": null,
        "description": "Enter the Management Gateway Address",
        "required": true,
        "notParam": false,
        "paramArray": false,
        "instructionText": "10.0.0.254",
        "group": null,
        "order": 8,
        "customOrder": 8,
        "selection": {
          "selectionType": null,
          "selectionValues": {},
          "defaultSelectedValues": [],
          "id": null
        },
        "range": [],
        "key": null,
        "provider": null,
        "binding": "",
        "id": null,
        "displayName": "Management Gateway"
      },
      {
        "parameterName": "MgmtVlan",
        "dataType": "INTEGER",
        "defaultValue": null,
        "description": "Insert the management vlan Id.",
        "required": true,
        "notParam": false,
        "paramArray": false,
        "instructionText": "1-4094",
        "group": null,
        "order": 3,
        "customOrder": 3,
        "selection": {
          "selectionType": null,
          "selectionValues": {},
          "defaultSelectedValues": [],
          "id": null
        },
        "range": [
          {
            "minValue": 1,
            "maxValue": 4094,
            "id": null
          }
        ],
        "key": null,
        "provider": null,
        "binding": "",
        "id": null,
        "displayName": "Management Vlan"
      },
      {
        "parameterName": "Interfaces",
        "dataType": "STRING",
        "defaultValue": null,
        "description": "Interface or interface range comma delimited",
        "required": true,
        "notParam": false,
        "paramArray": false,
        "instructionText": "te 1/1/1 , te 1/1/2",
        "group": null,
        "order": 5,
        "customOrder": 5,
        "selection": {
          "selectionType": null,
          "selectionValues": {},
          "defaultSelectedValues": [],
          "id": null
        },
        "range": [],
        "key": null,
        "provider": null,
        "binding": "",
        "id": null,
        "displayName": null
      },
      {
        "parameterName": "SubnetMask",
        "dataType": "IPADDRESS",
        "defaultValue": null,
        "description": "Enter the Management Subnet Mask",
        "required": true,
        "notParam": false,
        "paramArray": false,
        "instructionText": "255.255.255.0",
        "group": null,
        "order": 7,
        "customOrder": 7,
        "selection": {
          "selectionType": null,
          "selectionValues": {},
          "defaultSelectedValues": [],
          "id": null
        },
        "range": [],
        "key": null,
        "provider": null,
        "binding": "",
        "id": null,
        "displayName": "Management Subnet Mask"
      },
      {
        "parameterName": "Portchannel",
        "dataType": "INTEGER",
        "defaultValue": "1",
        "description": "Enter number from 1 to 192",
        "required": true,
        "notParam": false,
        "paramArray": false,
        "instructionText": null,
        "group": null,
        "order": 4,
        "customOrder": 4,
        "selection": {
          "selectionType": null,
          "selectionValues": {},
          "defaultSelectedValues": [],
          "id": null
        },
        "range": [
          {
            "minValue": 1,
            "maxValue": 192,
            "id": null
          }
        ],
        "key": null,
        "provider": null,
        "binding": "",
        "id": null,
        "displayName": "PortChannel Number"
      },
      {
        "parameterName": "Hostname",
        "dataType": "STRING",
        "defaultValue": null,
        "description": null,
        "required": true,
        "notParam": false,
        "paramArray": false,
        "instructionText": null,
        "group": null,
        "order": 2,
        "customOrder": 1,
        "selection": {
          "selectionType": null,
          "selectionValues": {},
          "defaultSelectedValues": [],
          "id": null
        },
        "range": [],
        "key": null,
        "provider": null,
        "binding": "",
        "id": null,
        "displayName": null
      },
      {
        "parameterName": "SystemMTU",
        "dataType": "INTEGER",
        "defaultValue": "1500",
        "description": "Default 1500, but can be set to 9100 for Fabric or overlay usage",
        "required": true,
        "notParam": false,
        "paramArray": false,
        "instructionText": null,
        "group": null,
        "order": 1,
        "customOrder": 2,
        "selection": {
          "selectionType": null,
          "selectionValues": {},
          "defaultSelectedValues": [],
          "id": null
        },
        "range": [
          {
            "minValue": 1450,
            "maxValue": 9100,
            "id": null
          }
        ],
        "key": null,
        "provider": null,
        "binding": "",
        "id": null,
        "displayName": "System MTU"
      }
    ],
    "customParamsOrder": true,
    "createTime": 1671483151135,
    "lastUpdateTime": 1671550296294,
    "latestVersionTime": 1671550300895,
    "validationErrors": {
      "templateErrors": [],
      "rollbackTemplateErrors": [],
      "templateId": "2e849c07-49cd-4019-a059-b777f30d9ba8",
      "templateVersion": null
    },
    "documentDatabase": false,
    "projectAssociated": true
  }
]