[
  {
    "name": "DNAC Lab Onboarding",
    "description": "",
    "tags": [],
    "deviceTypes": [
      {
        "productFamily": "Switches and Hubs",
        "productSeries": "Cisco Catalyst 9300 Series Switches"
      }
    ],
    "softwareType": "IOS",
    "softwareVariant": "XE",
    "templateContent": "##<------Onboarding-Template------->\n##To be used with onboarding when using Day N Project Templates\n##Define Variables provision with vlan1 and \n!\n##MTU Adjust (if required)\n##system mtu 9100\n!\n##Set hostname\nhostname ${Hostname}\n!\n##Set VTP and VLAN for onboarding\nvtp domain ${VtpDomain}\nvtp mode transparent\n!\nvlan ${MgmtVlan}\n!\n##Set Interfaces and Build Port Channel \ninterface range gi 1/0/10-11\n shut\n switchport trunk allowed vlan ${MgmtVlan}\n channel-protocol lacp\n channel-group 1 mode passive\n no shut\n!\ninterface po1\n switchport trunk native vlan ${MgmtVlan}\n switchport trunk allowed vlan ${MgmtVlan}\n switchport mode trunk\n no port-channel standalone-disable\n!\n##Set up managment vlan ${DataVlan}\ninterface Vlan ${MgmtVlan}\nip address ${SwitchIP} ${SubnetMask}\nno ip redirects\nno ip proxy-arp\nno shut\n!\nip default-gateway ${Gateway}\n!\n##Set Source of Management Traffic\nip domain lookup source-interface Vlan ${MgmtVlan}\nip http client source-interface Vlan ${MgmtVlan}\nip ftp source-interface Vlan ${MgmtVlan}\nip tftp source-interface Vlan ${MgmtVlan}\nip ssh source-interface Vlan ${MgmtVlan}\nip radius source-interface Vlan ${MgmtVlan}\nlogging source-interface Vlan ${MgmtVlan}\nsnmp-server trap-source Vlan ${MgmtVlan}\nntp source Vlan ${MgmtVlan}\n!\n##Disable Vlan 1\ninterface vlan 1\nshutdown\n!\n",
    "rollbackTemplateContent": "",
    "templateParams": [
      {
        "parameterName": "VtpDomain",
        "dataType": "STRING",
        "defaultValue": "Cisco",
        "description": null,
        "required": true,
        "notParam": false,
        "paramArray": false,
        "displayName": "VTP Domain",
        "instructionText": null,
        "group": null,
        "order": 2,
        "customOrder": 2,
        "selection": {
          "selectionType": null,
          "selectionValues": {},
          "defaultSelectedValues": [],
          "id": null
        },
        "range": [],
        "key": null,
        "provider": null,
        "binding": ""
      },
      {
        "parameterName": "Hostname",
        "dataType": "STRING",
        "defaultValue": "ACCESS-C9300-ASW",
        "description": "Check the excel spreadsheet",
        "required": true,
        "notParam": false,
        "paramArray": false,
        "displayName": null,
        "instructionText": "ACCESS-C9300-ASW",
        "group": null,
        "order": 1,
        "customOrder": 1,
        "selection": {
          "selectionType": null,
          "selectionValues": {},
          "defaultSelectedValues": [],
          "id": null
        },
        "range": [],
        "key": null,
        "provider": null,
        "binding": ""
      },
      {
        "parameterName": "SubnetMask",
        "dataType": "IPADDRESS",
        "defaultValue": "255.255.255.0",
        "description": null,
        "required": true,
        "notParam": false,
        "paramArray": false,
        "displayName": "Subnet Mask",
        "instructionText": null,
        "group": null,
        "order": 5,
        "customOrder": 6,
        "selection": {
          "selectionType": null,
          "selectionValues": {},
          "defaultSelectedValues": [],
          "id": null
        },
        "range": [],
        "key": null,
        "provider": null,
        "binding": ""
      },
      {
        "parameterName": "SwitchIP",
        "dataType": "IPADDRESS",
        "defaultValue": "192.168.5.10",
        "description": null,
        "required": true,
        "notParam": false,
        "paramArray": false,
        "displayName": "IP Address",
        "instructionText": null,
        "group": null,
        "order": 4,
        "customOrder": 5,
        "selection": {
          "selectionType": null,
          "selectionValues": {},
          "defaultSelectedValues": [],
          "id": null
        },
        "range": [],
        "key": null,
        "provider": null,
        "binding": ""
      },
      {
        "parameterName": "MgmtVlan",
        "dataType": "INTEGER",
        "defaultValue": "5",
        "description": "Set the upstream switch with pnp startup-vlan command",
        "required": true,
        "notParam": false,
        "paramArray": false,
        "displayName": "Management VLAN",
        "instructionText": null,
        "group": null,
        "order": 3,
        "customOrder": 3,
        "selection": {
          "selectionType": null,
          "selectionValues": {},
          "defaultSelectedValues": [],
          "id": null
        },
        "range": [],
        "key": null,
        "provider": null,
        "binding": ""
      },
      {
        "parameterName": "Gateway",
        "dataType": "IPADDRESS",
        "defaultValue": "192.168.5.1",
        "description": null,
        "required": true,
        "notParam": false,
        "paramArray": false,
        "displayName": "Gateway",
        "instructionText": null,
        "group": null,
        "order": 6,
        "customOrder": 7,
        "selection": {
          "selectionType": null,
          "selectionValues": {},
          "defaultSelectedValues": [],
          "id": null
        },
        "range": [],
        "key": null,
        "provider": null,
        "binding": ""
      }
    ],
    "rollbackTemplateParams": [],
    "composite": false,
    "containingTemplates": [],
    "language": "VELOCITY",
    "promotedTemplateContent": "##<------Onboarding-Template------->\n##To be used with onboarding when using Day N Project Templates\n##Define Variables provision with vlan1 and \n!\n##MTU Adjust (if required)\n##system mtu 9100\n!\n##Set hostname\nhostname ${Hostname}\n!\n##Set VTP and VLAN for onboarding\nvtp domain ${VtpDomain}\nvtp mode transparent\n!\nvlan ${MgmtVlan}\n!\n##Set Interfaces and Build Port Channel \ninterface range gi 1/0/10-11\n shut\n switchport trunk allowed vlan ${MgmtVlan}\n channel-protocol lacp\n channel-group 1 mode passive\n no shut\n!\ninterface po1\n switchport trunk native vlan ${MgmtVlan}\n switchport trunk allowed vlan ${MgmtVlan}\n switchport mode trunk\n no port-channel standalone-disable\n!\n##Set up managment vlan ${DataVlan}\ninterface Vlan ${MgmtVlan}\nip address ${SwitchIP} ${SubnetMask}\nno ip redirects\nno ip proxy-arp\nno shut\n!\nip default-gateway ${Gateway}\n!\n##Set Source of Management Traffic\nip domain lookup source-interface Vlan ${MgmtVlan}\nip http client source-interface Vlan ${MgmtVlan}\nip ftp source-interface Vlan ${MgmtVlan}\nip tftp source-interface Vlan ${MgmtVlan}\nip ssh source-interface Vlan ${MgmtVlan}\nip radius source-interface Vlan ${MgmtVlan}\nlogging source-interface Vlan ${MgmtVlan}\nsnmp-server trap-source Vlan ${MgmtVlan}\nntp source Vlan ${MgmtVlan}\n!\n##Disable Vlan 1\ninterface vlan 1\nshutdown\n!\n",
    "promotedTemplateParams": [
      {
        "parameterName": "Gateway",
        "dataType": "IPADDRESS",
        "defaultValue": "192.168.5.1",
        "description": null,
        "required": true,
        "notParam": false,
        "paramArray": false,
        "displayName": "Gateway",
        "instructionText": null,
        "group": null,
        "order": 6,
        "customOrder": 7,
        "selection": {
          "selectionType": null,
          "selectionValues": {},
          "defaultSelectedValues": [],
          "id": null
        },
        "range": [],
        "key": null,
        "provider": null,
        "binding": "",
        "id": null
      },
      {
        "parameterName": "SubnetMask",
        "dataType": "IPADDRESS",
        "defaultValue": "255.255.255.0",
        "description": null,
        "required": true,
        "notParam": false,
        "paramArray": false,
        "displayName": "Subnet Mask",
        "instructionText": null,
        "group": null,
        "order": 5,
        "customOrder": 6,
        "selection": {
          "selectionType": null,
          "selectionValues": {},
          "defaultSelectedValues": [],
          "id": null
        },
        "range": [],
        "key": null,
        "provider": null,
        "binding": "",
        "id": null
      },
      {
        "parameterName": "SwitchIP",
        "dataType": "IPADDRESS",
        "defaultValue": "192.168.5.10",
        "description": null,
        "required": true,
        "notParam": false,
        "paramArray": false,
        "displayName": "IP Address",
        "instructionText": null,
        "group": null,
        "order": 4,
        "customOrder": 5,
        "selection": {
          "selectionType": null,
          "selectionValues": {},
          "defaultSelectedValues": [],
          "id": null
        },
        "range": [],
        "key": null,
        "provider": null,
        "binding": "",
        "id": null
      },
      {
        "parameterName": "Hostname",
        "dataType": "STRING",
        "defaultValue": "ACCESS-C9300-ASW",
        "description": "Check the excel spreadsheet",
        "required": true,
        "notParam": false,
        "paramArray": false,
        "displayName": null,
        "instructionText": "ACCESS-C9300-ASW",
        "group": null,
        "order": 1,
        "customOrder": 1,
        "selection": {
          "selectionType": null,
          "selectionValues": {},
          "defaultSelectedValues": [],
          "id": null
        },
        "range": [],
        "key": null,
        "provider": null,
        "binding": "",
        "id": null
      },
      {
        "parameterName": "VtpDomain",
        "dataType": "STRING",
        "defaultValue": "Cisco",
        "description": null,
        "required": true,
        "notParam": false,
        "paramArray": false,
        "displayName": "VTP Domain",
        "instructionText": null,
        "group": null,
        "order": 2,
        "customOrder": 2,
        "selection": {
          "selectionType": null,
          "selectionValues": {},
          "defaultSelectedValues": [],
          "id": null
        },
        "range": [],
        "key": null,
        "provider": null,
        "binding": "",
        "id": null
      },
      {
        "parameterName": "MgmtVlan",
        "dataType": "INTEGER",
        "defaultValue": "5",
        "description": "Set the upstream switch with pnp startup-vlan command",
        "required": true,
        "notParam": false,
        "paramArray": false,
        "displayName": "Management VLAN",
        "instructionText": null,
        "group": null,
        "order": 3,
        "customOrder": 3,
        "selection": {
          "selectionType": null,
          "selectionValues": {},
          "defaultSelectedValues": [],
          "id": null
        },
        "range": [],
        "key": null,
        "provider": null,
        "binding": "",
        "id": null
      }
    ],
    "customParamsOrder": true,
    "createTime": 1621611196015,
    "lastUpdateTime": 1621718582045,
    "latestVersionTime": 1621718594894,
    "validationErrors": {
      "templateErrors": [],
      "rollbackTemplateErrors": [],
      "templateId": "178012ce-040b-44f3-a09b-216449052be6",
      "templateVersion": null
    },
    "projectAssociated": true,
    "documentDatabase": false
  }
]