[
  {
    "name": "Platinum-Onboarding-Template-J2",
    "description": "",
    "tags": [],
    "deviceTypes": [
      {
        "productFamily": "Switches and Hubs",
        "productSeries": "Cisco Catalyst 9300 Series Switches"
      }
    ],
    "softwareType": "IOS",
    "softwareVariant": "XE",
    "templateContent": "{# <------Onboarding-Template-------> #}\n{# To be used for onboarding when using Day N Templates #}\n{# Define Variables provision with vlan and port channel #}\n\n{# MTU Adjust (if required) #}\n{# system mtu 9100 #}\n\n{# Set hostname #}\nhostname {{ Hostname }}\n!\n{# Set VTP and VLAN for onboarding #}\nvtp domain {{ VtpDomain }}\nvtp mode transparent\n!\n{# Set Management VLAN #}\nvlan {{ MgmtVlan }}\n!\n{# Set Interfaces and Build Port Channel #}\ninterface range {{ Interfaces }}\n shut \n switchport trunk allowed vlan {{ MgmtVlan }}\n channel-protocol lacp\n channel-group {{ Portchannel }} mode active\n no shut\n!\ninterface Port-channel {{ Portchannel }}\n switchport trunk native vlan {{ MgmtVlan }}\n switchport trunk allowed vlan {{ MgmtVlan }}\n switchport mode trunk\n no port-channel standalone-disable\n!\n{# Set Up Managment Vlan {{ MgmtVlan }} #}\ninterface Vlan {{ MgmtVlan }}\n ip address {{ SwitchIP }} {{ SubnetMask }}\n no ip redirects\n no ip proxy-arp\n no shut\n!\nip default-gateway {{ Gateway }}\n!\n{# Set Source of Management Traffic #}\nip domain lookup source-interface Vlan {{ MgmtVlan }}\nip http client source-interface Vlan {{ MgmtVlan }}\nip ftp source-interface Vlan {{ MgmtVlan }}\nip tftp source-interface Vlan {{ MgmtVlan }}\nip ssh source-interface Vlan {{ MgmtVlan }}\nip radius source-interface Vlan {{ MgmtVlan }}\nlogging source-interface Vlan {{ MgmtVlan }}\nsnmp-server trap-source Vlan {{ MgmtVlan }}\nntp source Vlan {{ MgmtVlan }}\n!\n{# Disable Vlan 1 (optional) #}\n{# interface Vlan 1 #}\n{#  shutdown #}\n!\n",
    "rollbackTemplateContent": "",
    "templateParams": [
      {
        "parameterName": "MgmtVlan",
        "dataType": "INTEGER",
        "defaultValue": null,
        "description": null,
        "required": true,
        "notParam": false,
        "paramArray": false,
        "instructionText": null,
        "group": null,
        "order": 3,
        "customOrder": 0,
        "selection": {
          "selectionType": null,
          "selectionValues": {},
          "defaultSelectedValues": [],
          "id": null
        },
        "range": [],
        "key": null,
        "provider": null,
        "binding": "",
        "displayName": "Management VLAN"
      },
      {
        "parameterName": "SwitchIP",
        "dataType": "IPADDRESS",
        "defaultValue": null,
        "description": null,
        "required": true,
        "notParam": false,
        "paramArray": false,
        "instructionText": null,
        "group": null,
        "order": 6,
        "customOrder": 0,
        "selection": {
          "selectionType": null,
          "selectionValues": {},
          "defaultSelectedValues": [],
          "id": null
        },
        "range": [],
        "key": null,
        "provider": null,
        "binding": "",
        "displayName": "IP Address"
      },
      {
        "parameterName": "Portchannel",
        "dataType": "INTEGER",
        "defaultValue": null,
        "description": null,
        "required": true,
        "notParam": false,
        "paramArray": false,
        "instructionText": "Enter a number from 1 to 192",
        "group": null,
        "order": 5,
        "customOrder": 0,
        "selection": {
          "selectionType": null,
          "selectionValues": {},
          "defaultSelectedValues": [],
          "id": null
        },
        "range": [
          {
            "minValue": 1,
            "maxValue": 192,
            "id": null
          }
        ],
        "key": null,
        "provider": null,
        "binding": "",
        "displayName": "Port-Channel Number"
      },
      {
        "parameterName": "VtpDomain",
        "dataType": "STRING",
        "defaultValue": null,
        "description": null,
        "required": true,
        "notParam": false,
        "paramArray": false,
        "instructionText": null,
        "group": null,
        "order": 2,
        "customOrder": 0,
        "selection": {
          "selectionType": null,
          "selectionValues": {},
          "defaultSelectedValues": [],
          "id": null
        },
        "range": [],
        "key": null,
        "provider": null,
        "binding": "",
        "displayName": "VTP Domain"
      },
      {
        "parameterName": "Hostname",
        "dataType": "STRING",
        "defaultValue": null,
        "description": null,
        "required": true,
        "notParam": false,
        "paramArray": false,
        "instructionText": null,
        "group": null,
        "order": 1,
        "customOrder": 0,
        "selection": {
          "selectionType": null,
          "selectionValues": {},
          "defaultSelectedValues": [],
          "id": null
        },
        "range": [],
        "key": null,
        "provider": null,
        "binding": "",
        "displayName": null
      },
      {
        "parameterName": "Interfaces",
        "dataType": "STRING",
        "defaultValue": null,
        "description": null,
        "required": true,
        "notParam": false,
        "paramArray": false,
        "instructionText": null,
        "group": null,
        "order": 4,
        "customOrder": 0,
        "selection": null,
        "range": [],
        "key": null,
        "provider": null,
        "binding": "",
        "displayName": null
      },
      {
        "parameterName": "Gateway",
        "dataType": "IPADDRESS",
        "defaultValue": null,
        "description": null,
        "required": true,
        "notParam": false,
        "paramArray": false,
        "instructionText": null,
        "group": null,
        "order": 8,
        "customOrder": 0,
        "selection": {
          "selectionType": null,
          "selectionValues": {},
          "defaultSelectedValues": [],
          "id": null
        },
        "range": [],
        "key": null,
        "provider": null,
        "binding": "",
        "displayName": null
      },
      {
        "parameterName": "SubnetMask",
        "dataType": "IPADDRESS",
        "defaultValue": null,
        "description": null,
        "required": true,
        "notParam": false,
        "paramArray": false,
        "instructionText": null,
        "group": null,
        "order": 7,
        "customOrder": 0,
        "selection": {
          "selectionType": null,
          "selectionValues": {},
          "defaultSelectedValues": [],
          "id": null
        },
        "range": [],
        "key": null,
        "provider": null,
        "binding": "",
        "displayName": "Subnet Mask"
      }
    ],
    "rollbackTemplateParams": [],
    "composite": false,
    "containingTemplates": [],
    "language": "JINJA",
    "promotedTemplateContent": "{# <------Onboarding-Template-------> #}\n{# To be used for onboarding when using Day N Templates #}\n{# Define Variables provision with vlan and port channel #}\n\n{# MTU Adjust (if required) #}\n{# system mtu 9100 #}\n\n{# Set hostname #}\nhostname {{ Hostname }}\n!\n{# Set VTP and VLAN for onboarding #}\nvtp domain {{ VtpDomain }}\nvtp mode transparent\n!\n{# Set Management VLAN #}\nvlan {{ MgmtVlan }}\n!\n{# Set Interfaces and Build Port Channel #}\ninterface range {{ Interfaces }}\n shut \n switchport trunk allowed vlan {{ MgmtVlan }}\n channel-protocol lacp\n channel-group {{ Portchannel }} mode active\n no shut\n!\ninterface Port-channel {{ Portchannel }}\n switchport trunk native vlan {{ MgmtVlan }}\n switchport trunk allowed vlan {{ MgmtVlan }}\n switchport mode trunk\n no port-channel standalone-disable\n!\n{# Set Up Managment Vlan {{ MgmtVlan }} #}\ninterface Vlan {{ MgmtVlan }}\n ip address {{ SwitchIP }} {{ SubnetMask }}\n no ip redirects\n no ip proxy-arp\n no shut\n!\nip default-gateway {{ Gateway }}\n!\n{# Set Source of Management Traffic #}\nip domain lookup source-interface Vlan {{ MgmtVlan }}\nip http client source-interface Vlan {{ MgmtVlan }}\nip ftp source-interface Vlan {{ MgmtVlan }}\nip tftp source-interface Vlan {{ MgmtVlan }}\nip ssh source-interface Vlan {{ MgmtVlan }}\nip radius source-interface Vlan {{ MgmtVlan }}\nlogging source-interface Vlan {{ MgmtVlan }}\nsnmp-server trap-source Vlan {{ MgmtVlan }}\nntp source Vlan {{ MgmtVlan }}\n!\n{# Disable Vlan 1 (optional) #}\n{# interface Vlan 1 #}\n{#  shutdown #}\n!\n",
    "promotedTemplateParams": [
      {
        "parameterName": "Portchannel",
        "dataType": "INTEGER",
        "defaultValue": null,
        "description": null,
        "required": true,
        "notParam": false,
        "paramArray": false,
        "instructionText": "Enter a number from 1 to 192",
        "group": null,
        "order": 5,
        "customOrder": 0,
        "selection": {
          "selectionType": null,
          "selectionValues": {},
          "defaultSelectedValues": [],
          "id": null
        },
        "range": [
          {
            "minValue": 1,
            "maxValue": 192,
            "id": null
          }
        ],
        "key": null,
        "provider": null,
        "binding": "",
        "id": null,
        "displayName": "Port-Channel Number"
      },
      {
        "parameterName": "Interfaces",
        "dataType": "STRING",
        "defaultValue": null,
        "description": null,
        "required": true,
        "notParam": false,
        "paramArray": false,
        "instructionText": null,
        "group": null,
        "order": 4,
        "customOrder": 0,
        "selection": null,
        "range": [],
        "key": null,
        "provider": null,
        "binding": "",
        "id": null,
        "displayName": null
      },
      {
        "parameterName": "SubnetMask",
        "dataType": "IPADDRESS",
        "defaultValue": null,
        "description": null,
        "required": true,
        "notParam": false,
        "paramArray": false,
        "instructionText": null,
        "group": null,
        "order": 7,
        "customOrder": 0,
        "selection": {
          "selectionType": null,
          "selectionValues": {},
          "defaultSelectedValues": [],
          "id": null
        },
        "range": [],
        "key": null,
        "provider": null,
        "binding": "",
        "id": null,
        "displayName": "Subnet Mask"
      },
      {
        "parameterName": "Gateway",
        "dataType": "IPADDRESS",
        "defaultValue": null,
        "description": null,
        "required": true,
        "notParam": false,
        "paramArray": false,
        "instructionText": null,
        "group": null,
        "order": 8,
        "customOrder": 0,
        "selection": {
          "selectionType": null,
          "selectionValues": {},
          "defaultSelectedValues": [],
          "id": null
        },
        "range": [],
        "key": null,
        "provider": null,
        "binding": "",
        "id": null,
        "displayName": null
      },
      {
        "parameterName": "SwitchIP",
        "dataType": "IPADDRESS",
        "defaultValue": null,
        "description": null,
        "required": true,
        "notParam": false,
        "paramArray": false,
        "instructionText": null,
        "group": null,
        "order": 6,
        "customOrder": 0,
        "selection": {
          "selectionType": null,
          "selectionValues": {},
          "defaultSelectedValues": [],
          "id": null
        },
        "range": [],
        "key": null,
        "provider": null,
        "binding": "",
        "id": null,
        "displayName": "IP Address"
      },
      {
        "parameterName": "Hostname",
        "dataType": "STRING",
        "defaultValue": null,
        "description": null,
        "required": true,
        "notParam": false,
        "paramArray": false,
        "instructionText": null,
        "group": null,
        "order": 1,
        "customOrder": 0,
        "selection": {
          "selectionType": null,
          "selectionValues": {},
          "defaultSelectedValues": [],
          "id": null
        },
        "range": [],
        "key": null,
        "provider": null,
        "binding": "",
        "id": null,
        "displayName": null
      },
      {
        "parameterName": "MgmtVlan",
        "dataType": "INTEGER",
        "defaultValue": null,
        "description": null,
        "required": true,
        "notParam": false,
        "paramArray": false,
        "instructionText": null,
        "group": null,
        "order": 3,
        "customOrder": 0,
        "selection": {
          "selectionType": null,
          "selectionValues": {},
          "defaultSelectedValues": [],
          "id": null
        },
        "range": [],
        "key": null,
        "provider": null,
        "binding": "",
        "id": null,
        "displayName": "Management VLAN"
      },
      {
        "parameterName": "VtpDomain",
        "dataType": "STRING",
        "defaultValue": null,
        "description": null,
        "required": true,
        "notParam": false,
        "paramArray": false,
        "instructionText": null,
        "group": null,
        "order": 2,
        "customOrder": 0,
        "selection": {
          "selectionType": null,
          "selectionValues": {},
          "defaultSelectedValues": [],
          "id": null
        },
        "range": [],
        "key": null,
        "provider": null,
        "binding": "",
        "id": null,
        "displayName": "VTP Domain"
      }
    ],
    "customParamsOrder": false,
    "createTime": 1667758838334,
    "lastUpdateTime": 1667760347964,
    "latestVersionTime": 1667760357477,
    "validationErrors": {
      "templateErrors": [],
      "rollbackTemplateErrors": [],
      "templateId": "6eae6bd1-4bb9-4324-8e05-23163da0e6c6",
      "templateVersion": null
    },
    "projectAssociated": true,
    "documentDatabase": false
  }
]