[
  {
    "name": "Platinum-PnP-Velocity-v1",
    "description": "Network Device Onboarding for L2 Access Switch\n",
    "tags": [],
    "deviceTypes": [
      {
        "productFamily": "Switches and Hubs",
        "productSeries": "Cisco Catalyst 9300 Series Switches"
      }
    ],
    "softwareType": "IOS",
    "softwareVariant": "XE",
    "templateContent": "## <------Onboarding-Template------->\n## To be used for onboarding when using Day N Templates\n## Define Variables provision with vlan and port channel\n!\n##MTU Adjust (if required)\n#if(${SystemMTU} != 1500)\n    system mtu ${SystemMTU}\n#end\n!\n##Set hostname\nhostname ${Hostname}\n!\n#set(${VtpDomain} = ${Hostname})\n!\n##Set VTP and VLAN for onboarding\nvtp domain ${VtpDomain}\nvtp mode transparent\n!\n##Set Management VLAN\nvlan ${MgmtVlan}\n!\n#if(${MgmtVlan} > 1)\n  name MgmtVlan\n  ## Disable Vlan 1 (optional)\n  interface Vlan 1\n   shutdown\n#end\n\n##Set Interfaces and Build Port Channel \ninterface range ${Interfaces}\n shut\n switchport trunk allowed vlan ${MgmtVlan}\n #set($pc = $Interfaces.split(','))\n #if($pc.size() > 1)\n   channel-protocol lacp\n   channel-group ${PortChannel} mode active\n #end\n no shut\n!\n#if($pc.size() > 1)\n  interface port-channel ${PortChannel}\n   switchport trunk native vlan ${MgmtVlan}\n   switchport trunk allowed vlan add ${MgmtVlan}\n   switchport mode trunk\n   no port-channel standalone-disable\n#end\n!\n##Set up managment vlan ${MgmtVlan}\ninterface Vlan ${MgmtVlan}\n description MgmtVlan\n ip address ${SwitchIP} ${SubnetMask}\n no ip redirects\n no ip proxy-arp\n no shut\n!\nip default-gateway ${Gateway}\n!\n##Set Source of Management Traffic\nip domain lookup source-interface Vlan ${MgmtVlan}\nip http client source-interface Vlan ${MgmtVlan}\nip ftp source-interface Vlan ${MgmtVlan}\nip tftp source-interface Vlan ${MgmtVlan}\nip ssh source-interface Vlan ${MgmtVlan}\nip radius source-interface Vlan ${MgmtVlan}\nlogging source-interface Vlan ${MgmtVlan}\nsnmp-server trap-source Vlan ${MgmtVlan}\nntp source Vlan ${MgmtVlan}\n!\n",
    "rollbackTemplateContent": "",
    "templateParams": [
      {
        "parameterName": "PortChannel",
        "dataType": "INTEGER",
        "defaultValue": "1",
        "description": "Enter number from 1 to 192",
        "required": true,
        "notParam": false,
        "paramArray": false,
        "instructionText": null,
        "group": null,
        "order": 5,
        "customOrder": 5,
        "selection": {
          "selectionType": null,
          "selectionValues": {},
          "defaultSelectedValues": [],
          "id": null
        },
        "range": [
          {
            "minValue": 1,
            "maxValue": 192,
            "id": null
          }
        ],
        "key": null,
        "provider": null,
        "binding": "",
        "displayName": "PortChannel Number"
      },
      {
        "parameterName": "Hostname",
        "dataType": "STRING",
        "defaultValue": null,
        "description": null,
        "required": true,
        "notParam": false,
        "paramArray": false,
        "instructionText": null,
        "group": null,
        "order": 2,
        "customOrder": 1,
        "selection": {
          "selectionType": null,
          "selectionValues": {},
          "defaultSelectedValues": [],
          "id": null
        },
        "range": [],
        "key": null,
        "provider": null,
        "binding": "",
        "displayName": "Hostname"
      },
      {
        "parameterName": "SystemMTU",
        "dataType": "INTEGER",
        "defaultValue": "1500",
        "description": "Default 1500, but can be set to 9100 for Fabric or overlay usage",
        "required": true,
        "notParam": false,
        "paramArray": false,
        "instructionText": null,
        "group": null,
        "order": 1,
        "customOrder": 2,
        "selection": {
          "selectionType": null,
          "selectionValues": {},
          "defaultSelectedValues": [],
          "id": null
        },
        "range": [
          {
            "minValue": 1450,
            "maxValue": 9100,
            "id": null
          }
        ],
        "key": null,
        "provider": null,
        "binding": "",
        "displayName": "System MTU"
      },
      {
        "parameterName": "MgmtVlan",
        "dataType": "INTEGER",
        "defaultValue": null,
        "description": "Insert the management vlan Id.",
        "required": true,
        "notParam": false,
        "paramArray": false,
        "instructionText": "1-4094",
        "group": null,
        "order": 3,
        "customOrder": 3,
        "selection": {
          "selectionType": null,
          "selectionValues": {},
          "defaultSelectedValues": [],
          "id": null
        },
        "range": [
          {
            "minValue": 1,
            "maxValue": 4094,
            "id": null
          }
        ],
        "key": null,
        "provider": null,
        "binding": "",
        "displayName": "Management Vlan"
      },
      {
        "parameterName": "Gateway",
        "dataType": "IPADDRESS",
        "defaultValue": null,
        "description": "Enter the Management Gateway Address",
        "required": true,
        "notParam": false,
        "paramArray": false,
        "instructionText": "10.0.0.254",
        "group": null,
        "order": 8,
        "customOrder": 8,
        "selection": {
          "selectionType": null,
          "selectionValues": {},
          "defaultSelectedValues": [],
          "id": null
        },
        "range": [],
        "key": null,
        "provider": null,
        "binding": "",
        "displayName": "Management Gateway"
      },
      {
        "parameterName": "Interfaces",
        "dataType": "STRING",
        "defaultValue": null,
        "description": "Interface or interface range comma delimited",
        "required": true,
        "notParam": false,
        "paramArray": false,
        "instructionText": "te 1/1/1 , te 1/1/2",
        "group": null,
        "order": 4,
        "customOrder": 4,
        "selection": {
          "selectionType": null,
          "selectionValues": {},
          "defaultSelectedValues": [],
          "id": null
        },
        "range": [],
        "key": null,
        "provider": null,
        "binding": "",
        "displayName": null
      },
      {
        "parameterName": "SwitchIP",
        "dataType": "IPADDRESS",
        "defaultValue": null,
        "description": "Enter the Management IP Address",
        "required": true,
        "notParam": false,
        "paramArray": false,
        "instructionText": "10.0.0.1",
        "group": null,
        "order": 6,
        "customOrder": 6,
        "selection": {
          "selectionType": null,
          "selectionValues": {},
          "defaultSelectedValues": [],
          "id": null
        },
        "range": [],
        "key": null,
        "provider": null,
        "binding": "",
        "displayName": "Management IP Address"
      },
      {
        "parameterName": "SubnetMask",
        "dataType": "IPADDRESS",
        "defaultValue": null,
        "description": "Enter the Management Subnet Mask",
        "required": true,
        "notParam": false,
        "paramArray": false,
        "instructionText": "255.255.255.0",
        "group": null,
        "order": 7,
        "customOrder": 7,
        "selection": {
          "selectionType": null,
          "selectionValues": {},
          "defaultSelectedValues": [],
          "id": null
        },
        "range": [],
        "key": null,
        "provider": null,
        "binding": "",
        "displayName": "Management Subnet Mask"
      }
    ],
    "rollbackTemplateParams": [],
    "composite": false,
    "containingTemplates": [],
    "language": "VELOCITY",
    "promotedTemplateContent": "## <------Onboarding-Template------->\n## To be used for onboarding when using Day N Templates\n## Define Variables provision with vlan and port channel\n!\n##MTU Adjust (if required)\n#if(${SystemMTU} != 1500)\n    system mtu ${SystemMTU}\n#end\n!\n##Set hostname\nhostname ${Hostname}\n!\n#set(${VtpDomain} = ${Hostname})\n!\n##Set VTP and VLAN for onboarding\nvtp domain ${VtpDomain}\nvtp mode transparent\n!\n##Set Management VLAN\nvlan ${MgmtVlan}\n!\n#if(${MgmtVlan} > 1)\n  name MgmtVlan\n  ## Disable Vlan 1 (optional)\n  interface Vlan 1\n   shutdown\n#end\n\n##Set Interfaces and Build Port Channel \ninterface range ${Interfaces}\n shut\n switchport trunk allowed vlan ${MgmtVlan}\n #set($pc = $Interfaces.split(','))\n #if($pc.size() > 1)\n   channel-protocol lacp\n   channel-group ${PortChannel} mode active\n #end\n no shut\n!\n#if($pc.size() > 1)\n  interface port-channel ${PortChannel}\n   switchport trunk native vlan ${MgmtVlan}\n   switchport trunk allowed vlan add ${MgmtVlan}\n   switchport mode trunk\n   no port-channel standalone-disable\n#end\n!\n##Set up managment vlan ${MgmtVlan}\ninterface Vlan ${MgmtVlan}\n description MgmtVlan\n ip address ${SwitchIP} ${SubnetMask}\n no ip redirects\n no ip proxy-arp\n no shut\n!\nip default-gateway ${Gateway}\n!\n##Set Source of Management Traffic\nip domain lookup source-interface Vlan ${MgmtVlan}\nip http client source-interface Vlan ${MgmtVlan}\nip ftp source-interface Vlan ${MgmtVlan}\nip tftp source-interface Vlan ${MgmtVlan}\nip ssh source-interface Vlan ${MgmtVlan}\nip radius source-interface Vlan ${MgmtVlan}\nlogging source-interface Vlan ${MgmtVlan}\nsnmp-server trap-source Vlan ${MgmtVlan}\nntp source Vlan ${MgmtVlan}\n!\n",
    "promotedTemplateParams": [
      {
        "parameterName": "Gateway",
        "dataType": "IPADDRESS",
        "defaultValue": null,
        "description": "Enter the Management Gateway Address",
        "required": true,
        "notParam": false,
        "paramArray": false,
        "instructionText": "10.0.0.254",
        "group": null,
        "order": 8,
        "customOrder": 8,
        "selection": {
          "selectionType": null,
          "selectionValues": {},
          "defaultSelectedValues": [],
          "id": null
        },
        "range": [],
        "key": null,
        "provider": null,
        "binding": "",
        "id": null,
        "displayName": "Management Gateway"
      },
      {
        "parameterName": "Interfaces",
        "dataType": "STRING",
        "defaultValue": null,
        "description": "Interface or interface range comma delimited",
        "required": true,
        "notParam": false,
        "paramArray": false,
        "instructionText": "te 1/1/1 , te 1/1/2",
        "group": null,
        "order": 4,
        "customOrder": 4,
        "selection": {
          "selectionType": null,
          "selectionValues": {},
          "defaultSelectedValues": [],
          "id": null
        },
        "range": [],
        "key": null,
        "provider": null,
        "binding": "",
        "id": null,
        "displayName": null
      },
      {
        "parameterName": "Hostname",
        "dataType": "STRING",
        "defaultValue": null,
        "description": null,
        "required": true,
        "notParam": false,
        "paramArray": false,
        "instructionText": null,
        "group": null,
        "order": 2,
        "customOrder": 1,
        "selection": {
          "selectionType": null,
          "selectionValues": {},
          "defaultSelectedValues": [],
          "id": null
        },
        "range": [],
        "key": null,
        "provider": null,
        "binding": "",
        "id": null,
        "displayName": "Hostname"
      },
      {
        "parameterName": "MgmtVlan",
        "dataType": "INTEGER",
        "defaultValue": null,
        "description": "Insert the management vlan Id.",
        "required": true,
        "notParam": false,
        "paramArray": false,
        "instructionText": "1-4094",
        "group": null,
        "order": 3,
        "customOrder": 3,
        "selection": {
          "selectionType": null,
          "selectionValues": {},
          "defaultSelectedValues": [],
          "id": null
        },
        "range": [
          {
            "minValue": 1,
            "maxValue": 4094,
            "id": null
          }
        ],
        "key": null,
        "provider": null,
        "binding": "",
        "id": null,
        "displayName": "Management Vlan"
      },
      {
        "parameterName": "PortChannel",
        "dataType": "INTEGER",
        "defaultValue": "1",
        "description": "Enter number from 1 to 192",
        "required": true,
        "notParam": false,
        "paramArray": false,
        "instructionText": null,
        "group": null,
        "order": 5,
        "customOrder": 5,
        "selection": {
          "selectionType": null,
          "selectionValues": {},
          "defaultSelectedValues": [],
          "id": null
        },
        "range": [
          {
            "minValue": 1,
            "maxValue": 192,
            "id": null
          }
        ],
        "key": null,
        "provider": null,
        "binding": "",
        "id": null,
        "displayName": "PortChannel Number"
      },
      {
        "parameterName": "SystemMTU",
        "dataType": "INTEGER",
        "defaultValue": "1500",
        "description": "Default 1500, but can be set to 9100 for Fabric or overlay usage",
        "required": true,
        "notParam": false,
        "paramArray": false,
        "instructionText": null,
        "group": null,
        "order": 1,
        "customOrder": 2,
        "selection": {
          "selectionType": null,
          "selectionValues": {},
          "defaultSelectedValues": [],
          "id": null
        },
        "range": [
          {
            "minValue": 1450,
            "maxValue": 9100,
            "id": null
          }
        ],
        "key": null,
        "provider": null,
        "binding": "",
        "id": null,
        "displayName": "System MTU"
      },
      {
        "parameterName": "SubnetMask",
        "dataType": "IPADDRESS",
        "defaultValue": null,
        "description": "Enter the Management Subnet Mask",
        "required": true,
        "notParam": false,
        "paramArray": false,
        "instructionText": "255.255.255.0",
        "group": null,
        "order": 7,
        "customOrder": 7,
        "selection": {
          "selectionType": null,
          "selectionValues": {},
          "defaultSelectedValues": [],
          "id": null
        },
        "range": [],
        "key": null,
        "provider": null,
        "binding": "",
        "id": null,
        "displayName": "Management Subnet Mask"
      },
      {
        "parameterName": "SwitchIP",
        "dataType": "IPADDRESS",
        "defaultValue": null,
        "description": "Enter the Management IP Address",
        "required": true,
        "notParam": false,
        "paramArray": false,
        "instructionText": "10.0.0.1",
        "group": null,
        "order": 6,
        "customOrder": 6,
        "selection": {
          "selectionType": null,
          "selectionValues": {},
          "defaultSelectedValues": [],
          "id": null
        },
        "range": [],
        "key": null,
        "provider": null,
        "binding": "",
        "id": null,
        "displayName": "Management IP Address"
      }
    ],
    "customParamsOrder": true,
    "createTime": 1671483224647,
    "lastUpdateTime": 1671550336133,
    "latestVersionTime": 1671550340767,
    "validationErrors": {
      "templateErrors": [],
      "rollbackTemplateErrors": [],
      "templateId": "80eb28a9-9a73-4bef-ac68-1dfa5c0419f3",
      "templateVersion": null
    },
    "documentDatabase": false,
    "projectAssociated": true
  }
]