[
  {
    "name": "Platinum-Onboarding-Template-VTL",
    "description": "Network Device Onboarding for L2 Access Switch\n",
    "tags": [],
    "deviceTypes": [
      {
        "productFamily": "Switches and Hubs",
        "productSeries": "Cisco Catalyst 9300 Series Switches"
      }
    ],
    "softwareType": "IOS",
    "softwareVariant": "XE",
    "templateContent": "##<------Onboarding-Template------->\n##To be used for onboarding when using Day N Templates\n##Define Variables provision with vlan1 and \n!\n##MTU Adjust (if required)\n##system mtu 9100\n!\n##Set hostname\nhostname ${Hostname}\n!\n##Set VTP and VLAN for onboarding\nvtp domain ${VtpDomain}\nvtp mode transparent\n!\n##Set Management VLAN\nvlan ${MgmtVlan}\n!\n##Set Interfaces and Build Port Channel \ninterface range ${Interfaces}\n shut\n switchport trunk allowed vlan add ${MgmtVlan}\n channel-protocol lacp\n channel-group ${PortChannel} mode active\n no shut\n!\ninterface port-channel ${PortChannel}\n switchport trunk native vlan ${MgmtVlan}\n switchport trunk allowed vlan add ${MgmtVlan}\n switchport mode trunk\n no port-channel standalone-disable\n!\n##Set up managment vlan ${MgmtVlan}\ninterface Vlan ${MgmtVlan}\nip address ${SwitchIP} ${SubnetMask}\nno ip redirects\nno ip proxy-arp\nno shut\n!\nip default-gateway ${Gateway}\n!\n##Set Source of Management Traffic\nip domain lookup source-interface Vlan ${MgmtVlan}\nip http client source-interface Vlan ${MgmtVlan}\nip ftp source-interface Vlan ${MgmtVlan}\nip tftp source-interface Vlan ${MgmtVlan}\nip ssh source-interface Vlan ${MgmtVlan}\nip radius source-interface Vlan ${MgmtVlan}\nlogging source-interface Vlan ${MgmtVlan}\nsnmp-server trap-source Vlan ${MgmtVlan}\nntp source Vlan ${MgmtVlan}\n!\n##Disable Vlan 1 (optional)\n##interface vlan 1\n##shutdown\n!",
    "rollbackTemplateContent": "",
    "templateParams": [
      {
        "parameterName": "MgmtVlan",
        "dataType": "STRING",
        "defaultValue": null,
        "description": null,
        "required": true,
        "notParam": false,
        "paramArray": false,
        "instructionText": null,
        "group": null,
        "order": 3,
        "customOrder": 0,
        "selection": {
          "selectionType": null,
          "selectionValues": {},
          "defaultSelectedValues": [],
          "id": null
        },
        "range": [],
        "key": null,
        "provider": null,
        "binding": "",
        "displayName": "Management Vlan ID"
      },
      {
        "parameterName": "SwitchIP",
        "dataType": "IPADDRESS",
        "defaultValue": null,
        "description": "Static IP Address",
        "required": true,
        "notParam": false,
        "paramArray": false,
        "instructionText": null,
        "group": null,
        "order": 6,
        "customOrder": 0,
        "selection": {
          "selectionType": null,
          "selectionValues": {},
          "defaultSelectedValues": [],
          "id": null
        },
        "range": [],
        "key": null,
        "provider": null,
        "binding": "",
        "displayName": "Switch IP Address"
      },
      {
        "parameterName": "VtpDomain",
        "dataType": "STRING",
        "defaultValue": null,
        "description": null,
        "required": true,
        "notParam": false,
        "paramArray": false,
        "instructionText": null,
        "group": null,
        "order": 2,
        "customOrder": 0,
        "selection": {
          "selectionType": null,
          "selectionValues": {},
          "defaultSelectedValues": [],
          "id": null
        },
        "range": [],
        "key": null,
        "provider": null,
        "binding": "",
        "displayName": "VTP Domain"
      },
      {
        "parameterName": "SubnetMask",
        "dataType": "IPADDRESS",
        "defaultValue": null,
        "description": null,
        "required": true,
        "notParam": false,
        "paramArray": false,
        "instructionText": null,
        "group": null,
        "order": 7,
        "customOrder": 0,
        "selection": {
          "selectionType": null,
          "selectionValues": {},
          "defaultSelectedValues": [],
          "id": null
        },
        "range": [],
        "key": null,
        "provider": null,
        "binding": "",
        "displayName": "Subnet Mask"
      },
      {
        "parameterName": "Interfaces",
        "dataType": "STRING",
        "defaultValue": null,
        "description": "Enter the interfaces as you would in a interface range command.",
        "required": true,
        "notParam": false,
        "paramArray": false,
        "instructionText": "te 1/1/1, te 1/1/2 || te 1/1/1-2",
        "group": null,
        "order": 4,
        "customOrder": 0,
        "selection": {
          "selectionType": null,
          "selectionValues": {},
          "defaultSelectedValues": [],
          "id": null
        },
        "range": [],
        "key": null,
        "provider": null,
        "binding": "",
        "displayName": null
      },
      {
        "parameterName": "Hostname",
        "dataType": "STRING",
        "defaultValue": null,
        "description": null,
        "required": true,
        "notParam": false,
        "paramArray": false,
        "instructionText": null,
        "group": null,
        "order": 1,
        "customOrder": 0,
        "selection": {
          "selectionType": null,
          "selectionValues": {},
          "defaultSelectedValues": [],
          "id": null
        },
        "range": [],
        "key": null,
        "provider": null,
        "binding": "",
        "displayName": "Hostname"
      },
      {
        "parameterName": "Gateway",
        "dataType": "IPADDRESS",
        "defaultValue": null,
        "description": null,
        "required": true,
        "notParam": false,
        "paramArray": false,
        "instructionText": null,
        "group": null,
        "order": 8,
        "customOrder": 0,
        "selection": {
          "selectionType": null,
          "selectionValues": {},
          "defaultSelectedValues": [],
          "id": null
        },
        "range": [],
        "key": null,
        "provider": null,
        "binding": "",
        "displayName": "Gateway Address"
      },
      {
        "parameterName": "PortChannel",
        "dataType": "INTEGER",
        "defaultValue": null,
        "description": null,
        "required": true,
        "notParam": false,
        "paramArray": false,
        "instructionText": "Enter number from 1 to 192",
        "group": null,
        "order": 5,
        "customOrder": 0,
        "selection": {
          "selectionType": null,
          "selectionValues": {},
          "defaultSelectedValues": [],
          "id": null
        },
        "range": [
          {
            "minValue": 1,
            "maxValue": 192,
            "id": null
          }
        ],
        "key": null,
        "provider": null,
        "binding": "",
        "displayName": "Port-Channel Number"
      }
    ],
    "rollbackTemplateParams": [],
    "composite": false,
    "containingTemplates": [],
    "language": "VELOCITY",
    "promotedTemplateContent": "##<------Onboarding-Template------->\n##To be used for onboarding when using Day N Templates\n##Define Variables provision with vlan1 and \n!\n##MTU Adjust (if required)\n##system mtu 9100\n!\n##Set hostname\nhostname ${Hostname}\n!\n##Set VTP and VLAN for onboarding\nvtp domain ${VtpDomain}\nvtp mode transparent\n!\n##Set Management VLAN\nvlan ${MgmtVlan}\n!\n##Set Interfaces and Build Port Channel \ninterface range ${Interfaces}\n shut\n switchport trunk allowed vlan add ${MgmtVlan}\n channel-protocol lacp\n channel-group ${PortChannel} mode active\n no shut\n!\ninterface port-channel ${PortChannel}\n switchport trunk native vlan ${MgmtVlan}\n switchport trunk allowed vlan add ${MgmtVlan}\n switchport mode trunk\n no port-channel standalone-disable\n!\n##Set up managment vlan ${MgmtVlan}\ninterface Vlan ${MgmtVlan}\nip address ${SwitchIP} ${SubnetMask}\nno ip redirects\nno ip proxy-arp\nno shut\n!\nip default-gateway ${Gateway}\n!\n##Set Source of Management Traffic\nip domain lookup source-interface Vlan ${MgmtVlan}\nip http client source-interface Vlan ${MgmtVlan}\nip ftp source-interface Vlan ${MgmtVlan}\nip tftp source-interface Vlan ${MgmtVlan}\nip ssh source-interface Vlan ${MgmtVlan}\nip radius source-interface Vlan ${MgmtVlan}\nlogging source-interface Vlan ${MgmtVlan}\nsnmp-server trap-source Vlan ${MgmtVlan}\nntp source Vlan ${MgmtVlan}\n!\n##Disable Vlan 1 (optional)\n##interface vlan 1\n##shutdown\n!",
    "promotedTemplateParams": [
      {
        "parameterName": "Interfaces",
        "dataType": "STRING",
        "defaultValue": null,
        "description": "Enter the interfaces as you would in a interface range command.",
        "required": true,
        "notParam": false,
        "paramArray": false,
        "instructionText": "te 1/1/1, te 1/1/2 || te 1/1/1-2",
        "group": null,
        "order": 4,
        "customOrder": 0,
        "selection": {
          "selectionType": null,
          "selectionValues": {},
          "defaultSelectedValues": [],
          "id": null
        },
        "range": [],
        "key": null,
        "provider": null,
        "binding": "",
        "id": null,
        "displayName": null
      },
      {
        "parameterName": "Gateway",
        "dataType": "IPADDRESS",
        "defaultValue": null,
        "description": null,
        "required": true,
        "notParam": false,
        "paramArray": false,
        "instructionText": null,
        "group": null,
        "order": 8,
        "customOrder": 0,
        "selection": {
          "selectionType": null,
          "selectionValues": {},
          "defaultSelectedValues": [],
          "id": null
        },
        "range": [],
        "key": null,
        "provider": null,
        "binding": "",
        "id": null,
        "displayName": "Gateway Address"
      },
      {
        "parameterName": "MgmtVlan",
        "dataType": "STRING",
        "defaultValue": null,
        "description": null,
        "required": true,
        "notParam": false,
        "paramArray": false,
        "instructionText": null,
        "group": null,
        "order": 3,
        "customOrder": 0,
        "selection": {
          "selectionType": null,
          "selectionValues": {},
          "defaultSelectedValues": [],
          "id": null
        },
        "range": [],
        "key": null,
        "provider": null,
        "binding": "",
        "id": null,
        "displayName": "Management Vlan ID"
      },
      {
        "parameterName": "VtpDomain",
        "dataType": "STRING",
        "defaultValue": null,
        "description": null,
        "required": true,
        "notParam": false,
        "paramArray": false,
        "instructionText": null,
        "group": null,
        "order": 2,
        "customOrder": 0,
        "selection": {
          "selectionType": null,
          "selectionValues": {},
          "defaultSelectedValues": [],
          "id": null
        },
        "range": [],
        "key": null,
        "provider": null,
        "binding": "",
        "id": null,
        "displayName": "VTP Domain"
      },
      {
        "parameterName": "SwitchIP",
        "dataType": "IPADDRESS",
        "defaultValue": null,
        "description": "Static IP Address",
        "required": true,
        "notParam": false,
        "paramArray": false,
        "instructionText": null,
        "group": null,
        "order": 6,
        "customOrder": 0,
        "selection": {
          "selectionType": null,
          "selectionValues": {},
          "defaultSelectedValues": [],
          "id": null
        },
        "range": [],
        "key": null,
        "provider": null,
        "binding": "",
        "id": null,
        "displayName": "Switch IP Address"
      },
      {
        "parameterName": "SubnetMask",
        "dataType": "IPADDRESS",
        "defaultValue": null,
        "description": null,
        "required": true,
        "notParam": false,
        "paramArray": false,
        "instructionText": null,
        "group": null,
        "order": 7,
        "customOrder": 0,
        "selection": {
          "selectionType": null,
          "selectionValues": {},
          "defaultSelectedValues": [],
          "id": null
        },
        "range": [],
        "key": null,
        "provider": null,
        "binding": "",
        "id": null,
        "displayName": "Subnet Mask"
      },
      {
        "parameterName": "Hostname",
        "dataType": "STRING",
        "defaultValue": null,
        "description": null,
        "required": true,
        "notParam": false,
        "paramArray": false,
        "instructionText": null,
        "group": null,
        "order": 1,
        "customOrder": 0,
        "selection": {
          "selectionType": null,
          "selectionValues": {},
          "defaultSelectedValues": [],
          "id": null
        },
        "range": [],
        "key": null,
        "provider": null,
        "binding": "",
        "id": null,
        "displayName": "Hostname"
      },
      {
        "parameterName": "PortChannel",
        "dataType": "INTEGER",
        "defaultValue": null,
        "description": null,
        "required": true,
        "notParam": false,
        "paramArray": false,
        "instructionText": "Enter number from 1 to 192",
        "group": null,
        "order": 5,
        "customOrder": 0,
        "selection": {
          "selectionType": null,
          "selectionValues": {},
          "defaultSelectedValues": [],
          "id": null
        },
        "range": [
          {
            "minValue": 1,
            "maxValue": 192,
            "id": null
          }
        ],
        "key": null,
        "provider": null,
        "binding": "",
        "id": null,
        "displayName": "Port-Channel Number"
      }
    ],
    "customParamsOrder": false,
    "createTime": 1619106166742,
    "lastUpdateTime": 1667760296713,
    "latestVersionTime": 1667760302318,
    "validationErrors": {
      "templateErrors": [],
      "rollbackTemplateErrors": [],
      "templateId": "a829cff9-c785-4d19-8afa-d15026041f12",
      "templateVersion": null
    },
    "projectAssociated": true,
    "documentDatabase": false
  }
]