{
	"info": {
		"_postman_id": "165bb7cd-41e1-4064-899c-01409a0ef7d9",
		"name": "Catalyst Center API LAB 401 - Device Inventory",
		"description": "This Collection is designed to display the inventory.",
		"schema": "https://schema.getpostman.com/json/collection/v2.1.0/collection.json",
		"_exporter_id": "13375428",
		"_collection_link": "https://www.postman.com/dark-capsule-39992/workspace/catalyst-center-use-case-api-collections/collection/13375428-165bb7cd-41e1-4064-899c-01409a0ef7d9?action=share&source=collection_link&creator=13375428"
	},
	"item": [
		{
			"name": "CC Token",
			"event": [
				{
					"listen": "test",
					"script": {
						"exec": [
							"var jsonData = JSON.parse(responseBody);\r",
							"if (jsonData.Token) {\r",
							"    pm.test(\"Token acquired\",() => {pm.expect(pm.response.text()).to.include(\"Token\");});\r",
							"    pm.environment.set(\"TOKEN\", jsonData[\"Token\"]); \r",
							"}\r",
							"else {\r",
							"    pm.test(\"Token not acquired\",() => {pm.expect(pm.response.text()).to.include(\"Token\");});\r",
							"    postman.setNextRequest(\"null\");\r",
							"}\r",
							"postman.setNextRequest(\"Get Devices\")"
						],
						"type": "text/javascript"
					}
				}
			],
			"protocolProfileBehavior": {
				"strictSSL": false
			},
			"request": {
				"auth": {
					"type": "basic",
					"basic": [
						{
							"key": "password",
							"value": "{{CCpwd}}",
							"type": "string"
						},
						{
							"key": "username",
							"value": "{{CCuser}}",
							"type": "string"
						}
					]
				},
				"method": "POST",
				"header": [
					{
						"key": "Content-Type",
						"value": "application/json",
						"type": "text"
					}
				],
				"body": {
					"mode": "raw",
					"raw": ""
				},
				"url": {
					"raw": "https://{{CCip}}/dna/system/api/v1/auth/token",
					"protocol": "https",
					"host": [
						"{{CCip}}"
					],
					"path": [
						"dna",
						"system",
						"api",
						"v1",
						"auth",
						"token"
					]
				}
			},
			"response": []
		},
		{
			"name": "Get Devices",
			"event": [
				{
					"listen": "test",
					"script": {
						"exec": [
							"var jsonData = JSON.parse(responseBody);",
							"var Device;",
							"for (var i = 0; i < jsonData.response.length; i++) {",
							"    Hostname = jsonData[\"response\"][i][\"hostname\"].split(\".\");",
							"    if (Hostname[0].length < 20) {",
							"        Filler = 20 - Hostname[0].length;",
							"        for (var f = 0; f < Filler; f++) {",
							"            Hostname[0] = Hostname[0] + \".\";",
							"        }",
							"    }",
							"    Address = jsonData[\"response\"][i][\"managementIpAddress\"]",
							"    if (Address.length < 20) {",
							"        Filler = 20 - Address.length;",
							"        for (var f = 0; f < Filler; f++) {",
							"            Address = Address + \".\";",
							"        }",
							"    }",
							"    Pid = jsonData[\"response\"][i][\"platformId\"]",
							"    if (Pid.length < 20) {",
							"        Filler = 20 - Pid.length;",
							"        for (var f = 0; f < Filler; f++) {",
							"            Pid = Pid + \".\";",
							"        }",
							"    }",
							"    Serial = jsonData[\"response\"][i][\"serialNumber\"]",
							"    if (Serial.length < 20) {",
							"        Filler = 20 - Serial.length;",
							"        for (var f = 0; f < Filler; f++) {",
							"            Serial = Serial + \".\";",
							"        }",
							"    }",
							"    Version = jsonData[\"response\"][i][\"softwareVersion\"]",
							"    if (Version.length < 20) {",
							"        Filler = 20 - Version.length;",
							"        for (var f = 0; f < Filler; f++) {",
							"            Version = Version + \".\";",
							"        }",
							"    }",
							"    UpTime = jsonData[\"response\"][i][\"upTime\"]",
							"    if (UpTime.length < 30) {",
							"        Filler = 30 - UpTime.length;",
							"        for (var f = 0; f < Filler; f++) {",
							"            UpTime = UpTime + \".\";",
							"        }",
							"    }",
							"    Device = Hostname[0] + \".\" + Address + \".\" + Pid + \".\" + Serial + \".\" + Version + \".\" + UpTime;",
							"    pm.test(\"\" + Device + \"\", () => { pm.expect(pm.response.text()).to.include(\"response\"); });",
							"}",
							""
						],
						"type": "text/javascript"
					}
				}
			],
			"request": {
				"method": "GET",
				"header": [
					{
						"key": "Content-Type",
						"value": "application/json",
						"type": "text"
					},
					{
						"key": "X-Auth-Token",
						"value": "{{TOKEN}}",
						"type": "text"
					}
				],
				"url": {
					"raw": "https://{{CCip}}/api/v1/network-device",
					"protocol": "https",
					"host": [
						"{{CCip}}"
					],
					"path": [
						"api",
						"v1",
						"network-device"
					]
				}
			},
			"response": []
		}
	]
}