{
	"id": "708cc1a4-12db-48e3-8b8e-772e82f31165",
	"name": "DNAC Template Labs",
	"values": [
		{
			"key": "DNACip",
			"value": "198.18.129.100",
			"type": "default",
			"enabled": true
		},
		{
			"key": "DNACuser",
			"value": "admin",
			"type": "default",
			"enabled": true
		},
		{
			"key": "DNACpwd",
			"value": "C1sco12345",
			"type": "default",
			"enabled": true
		},
		{
			"key": "TOKEN",
			"value": "",
			"enabled": true
		},
		{
			"key": "GlobalSiteId",
			"value": "",
			"type": "default",
			"enabled": true
		},
		{
			"key": "BuildingSiteId",
			"value": "",
			"type": "default",
			"enabled": true
		},
		{
			"key": "FloorSiteId",
			"value": "",
			"type": "any",
			"enabled": true
		},
		{
			"key": "HierarchyParent",
			"value": "Global",
			"type": "default",
			"enabled": true
		},
		{
			"key": "HierarchyArea",
			"value": "DNAC Template Lab",
			"type": "default",
			"enabled": true
		},
		{
			"key": "HierarchyBldg",
			"value": "Building",
			"type": "default",
			"enabled": true
		},
		{
			"key": "HierarchyBldgAddress",
			"value": "Cisco Building 24, 510 McCarthy Blvd, Milpitas, CA 95035",
			"type": "default",
			"enabled": true
		},
		{
			"key": "HierarchyFloor",
			"value": "Floor 1",
			"type": "default",
			"enabled": true
		},
		{
			"key": "domainName",
			"value": "dcloud.cisco.com",
			"enabled": true
		},
		{
			"key": "dnsServer1",
			"value": "198.18.133.1",
			"enabled": true
		},
		{
			"key": "dnsServer2",
			"value": "198.18.133.1",
			"enabled": true
		},
		{
			"key": "dhcpServer",
			"value": "198.18.133.1",
			"enabled": true
		},
		{
			"key": "syslogServer",
			"value": "198.18.129.100",
			"enabled": true
		},
		{
			"key": "syslogBoolean",
			"value": "true",
			"enabled": true
		},
		{
			"key": "snmpServer",
			"value": "198.18.129.100",
			"enabled": true
		},
		{
			"key": "snmpBoolean",
			"value": "true",
			"enabled": true
		},
		{
			"key": "netflowServer",
			"value": "198.18.129.100",
			"enabled": true
		},
		{
			"key": "netflowPort",
			"value": "6007",
			"enabled": true
		},
		{
			"key": "netflowBoolean",
			"value": "true",
			"type": "default",
			"enabled": true
		},
		{
			"key": "ntpServer",
			"value": "198.18.133.1",
			"enabled": true
		},
		{
			"key": "aaaEndpointServer",
			"value": "ISE",
			"type": "default",
			"enabled": true
		},
		{
			"key": "aaaEndpointIpAddress",
			"value": "198.18.133.27",
			"type": "default",
			"enabled": true
		},
		{
			"key": "aaaEndpointProtocol",
			"value": "RADIUS",
			"type": "default",
			"enabled": true
		},
		{
			"key": "aaaEndpointSharedSecret",
			"value": "C1sco12345",
			"type": "default",
			"enabled": true
		},
		{
			"key": "timeZone",
			"value": "EST5EDT",
			"enabled": true
		},
		{
			"key": "bannerMessage",
			"value": "DNAC Template Lab!",
			"enabled": true
		},
		{
			"key": "bannerBoolean",
			"value": "false",
			"enabled": true
		},
		{
			"key": "GlobalCredentialCli",
			"value": "",
			"type": "default",
			"enabled": true
		},
		{
			"key": "GlobalCredentialSnmpRO",
			"value": "",
			"type": "default",
			"enabled": true
		},
		{
			"key": "GlobalCredentialSnmpRW",
			"value": "",
			"type": "default",
			"enabled": true
		},
		{
			"key": "GlobalCredentialNetconf",
			"value": "",
			"type": "default",
			"enabled": true
		},
		{
			"key": "TASKID",
			"value": "1648215604193",
			"type": "default",
			"enabled": true
		},
		{
			"key": "DiscoveryTaskId",
			"value": "",
			"type": "default",
			"enabled": true
		},
		{
			"key": "DiscoveryId",
			"value": "",
			"type": "default",
			"enabled": true
		},
		{
			"key": "DeviceIP",
			"value": "",
			"type": "default",
			"enabled": true
		},
		{
			"key": "DeviceRange",
			"value": "",
			"type": "default",
			"enabled": true
		},
		{
			"key": "DcloudDevices",
			"value": "198.19.1.2,198.19.2.2,198.18.133.145",
			"type": "default",
			"enabled": true
		},
		{
			"key": "DcloudUser",
			"value": "netadmin",
			"type": "default",
			"enabled": true
		},
		{
			"key": "DcloudPwd",
			"value": "C1sco12345",
			"type": "default",
			"enabled": true
		},
		{
			"key": "DcloudSnmpRO",
			"value": "ro",
			"type": "default",
			"enabled": true
		},
		{
			"key": "DcloudSnmpRO-Desc",
			"value": "RO",
			"type": "default",
			"enabled": true
		},
		{
			"key": "DcloudSnmpRW",
			"value": "rw",
			"type": "default",
			"enabled": true
		},
		{
			"key": "DcloudSnmpRW-Desc",
			"value": "RW",
			"type": "default",
			"enabled": true
		},
		{
			"key": "DcloudNetconf",
			"value": "830",
			"type": "default",
			"enabled": true
		},
		{
			"key": "FLAG",
			"value": "0",
			"type": "default",
			"enabled": true
		},
		{
			"key": "TargetDevice",
			"value": "198.19.1.2",
			"type": "default",
			"enabled": true
		},
		{
			"key": "TargetDeviceId",
			"value": "",
			"type": "default",
			"enabled": true
		},
		{
			"key": "CommandRunnerTaskId",
			"value": "",
			"type": "default",
			"enabled": true
		},
		{
			"key": "CommandRunnerFileId",
			"value": "",
			"type": "default",
			"enabled": true
		},
		{
			"key": "CommandRunnerResults",
			"value": "",
			"type": "default",
			"enabled": true
		},
		{
			"key": "ConfigZipFilePwd",
			"value": "TestT3$t",
			"type": "default",
			"enabled": true
		},
		{
			"key": "ConfigurationTaskId",
			"value": "",
			"type": "default",
			"enabled": true
		},
		{
			"key": "ConfigurationFileId",
			"value": "",
			"type": "default",
			"enabled": true
		},
		{
			"key": "ConfigurationResults",
			"value": "",
			"type": "default",
			"enabled": true
		},
		{
			"key": "AreaSiteId",
			"value": "",
			"type": "any",
			"enabled": true
		},
		{
			"key": "ProjectId",
			"value": "",
			"type": "default",
			"enabled": true
		},
		{
			"key": "ProjectTaskId",
			"value": "",
			"type": "default",
			"enabled": true
		},
		{
			"key": "ProjectName",
			"value": "",
			"type": "default",
			"enabled": true
		},
		{
			"key": "TemplateTaskId",
			"value": "",
			"type": "default",
			"enabled": true
		}
	],
	"_postman_variable_scope": "environment",
	"_postman_exported_at": "2022-06-09T04:00:11.474Z",
	"_postman_exported_using": "Postman/9.21.2"
}